City,CU_Code,TU_Code,Type,Line,Station,Station_Eng,Effective_Date,Upload_Date,Expiry_Date,data_up_user,link,Status
0,,,地铁,世博专线,,,2010/4/20,,2010/11/2,admin,,
0,,,地铁,世博专线,马当路,,2010/4/20,,2010/11/2,admin,,
0,,,地铁,世博专线,卢浦大桥,,2010/4/20,,2010/11/2,admin,,
0,,,地铁,世博专线,世博大道,,2010/4/20,,2010/11/2,admin,,
0,,,有轨电车,张江有轨电车,,,2009/12/31,,2023/6/1,admin,,
0,,,有轨电车,张江有轨电车,张江高科,,2009/12/31,,2023/6/1,admin,,
0,,,有轨电车,张江有轨电车,碧波路高科路,,2009/12/31,,2023/6/1,admin,,
0,,,有轨电车,张江有轨电车,华佗路达尔文路,,2009/12/31,,2023/6/1,admin,,
0,,,有轨电车,张江有轨电车,华佗路科苑路,,2009/12/31,,2023/6/1,admin,,
0,,,有轨电车,张江有轨电车,蔡伦路金科路,,2009/12/31,,2023/6/1,admin,,Done
0,,,有轨电车,张江有轨电车,蔡伦路哈雷路,,2009/12/31,,2023/6/1,admin,,Done
0,,,有轨电车,张江有轨电车,哥白尼路李冰路,,2009/12/31,,2023/6/1,admin,,Done
0,,,有轨电车,张江有轨电车,紫薇路高斯路,,2009/12/31,,2023/6/1,admin,,Done
0,,,有轨电车,张江有轨电车,高斯路张江路,,2009/12/31,,2023/6/1,admin,,Done
0,,,有轨电车,张江有轨电车,张江中学,,2009/12/31,,2023/6/1,admin,,Done
0,,,有轨电车,张江有轨电车,广兰路祖冲之路,,2009/12/31,,2023/6/1,admin,,Done
0,,,有轨电车,张江有轨电车,广兰路丹桂路,,2009/12/31,,2023/6/1,admin,,Done
0,,,有轨电车,张江有轨电车,丹桂路青桐路,,2009/12/31,,2023/6/1,admin,,Done
0,,,有轨电车,张江有轨电车,丹桂路张东路,,2009/12/31,,2023/6/1,admin,,Done
0,,,有轨电车,张江有轨电车,张东路金秋路,,2009/12/31,,2023/6/1,admin,,Done
2000,110,,地铁,,,,,,,tracker,,Done
2000,1101,,地铁,1号线,,,1993/5/28,,,tracker,,Done
2000,110111,,地铁,1号线,莘庄,,1996/12/28,,,tracker,,Done
2000,110112,,地铁,1号线,外环路,,1996/12/28,,,tracker,,Done
2000,110113,,地铁,1号线,莲花路,,1996/12/28,,,tracker,,Done
2000,110114,,地铁,1号线,虹梅路,Hongmei Road,1996/12/28,,2001/5/1,admin,,Done
2000,110114,,地铁,1号线,锦江乐园,Jinjiang Park,1993/5/28,,1996/12/28,admin,,Done
2000,110114,,地铁,1号线,锦江乐园,Jinjiang Park,2001/5/1,,,admin,,Done
2000,110115,,地铁,1号线,新龙华,XIN LONG HUA,1993/5/28,,1999/12/28,tracker,,Done
2000,110115,,地铁,1号线,上海南站,,1999/12/28,,,tracker,,Done
2000,110116,,地铁,1号线,漕宝路,,1993/5/28,,,tracker,,Done
2000,110117,,地铁,1号线,上海体育馆,,1993/5/28,,,tracker,,Done
2000,110118,,地铁,1号线,徐家汇,,1993/5/28,,,tracker,,Done
2000,110119,,地铁,1号线,衡山路,,1995/4/10,,,tracker,,Done
2000,110120,,地铁,1号线,常熟路,,1995/4/10,,,tracker,,Done
2000,110121,,地铁,1号线,陕西南路,,1995/4/10,,,tracker,,Done
2000,110122,,地铁,1号线,黄陂南路,,1995/4/10,,,tracker,,Done
2000,110123,,地铁,1号线,人民广场,,1995/4/10,,,tracker,,Done
2000,110124,,地铁,1号线,新闸路,,1995/4/10,,,tracker,,Done
2000,110125,,地铁,1号线,汉中路,,1995/4/10,,,tracker,,Done
2000,110126,,地铁,1号线,上海火车站,,1995/4/10,,,tracker,,Done
2000,110127,,地铁,1号线,中山北路,,2004/12/28,,,tracker,,Done
2000,110128,,地铁,1号线,延长路,,2004/12/28,,,tracker,,Done
2000,110129,,地铁,1号线,上海马戏城,,2004/12/28,,,tracker,,Done
2000,110130,,地铁,1号线,汶水路,,2004/12/28,,,tracker,,Done
2000,110131,,地铁,1号线,彭浦新村,,2004/12/28,,,tracker,,Done
2000,110132,,地铁,1号线,共康路,,2004/12/28,,,tracker,,Done
2000,110133,,地铁,1号线,通河新村,,2004/12/28,,,tracker,,Done
2000,110134,,地铁,1号线,呼兰路,,2004/12/28,,,tracker,,Done
2000,110135,,地铁,1号线,共富新村,,2004/12/28,,,tracker,,Done
2000,110136,,地铁,1号线,宝安公路,,2007/12/29,,,tracker,,Done
2000,110137,,地铁,1号线,友谊西路,,2007/12/29,,,tracker,,Done
2000,110138,,地铁,1号线,富锦路,,2007/12/29,,,tracker,,Done
2000,1102,,地铁,2号线,,,2000/6/11,,,tracker,,Done
2000,110234,,地铁,2号线,徐泾东,East Xujing,2010/3/16,,2024/9/21,tracker,,Done
2000,110234,,地铁,2号线,国家会展中心,National Exhibition and Convention Center,2024/9/21,,,admin,,Done
2000,110235,,地铁,2号线,虹桥火车站,,2010/7/1,,,tracker,,Done
2000,110236,,地铁,2号线,虹桥2号航站楼,,2010/3/16,,,tracker,,Done
2000,110237,,地铁,2号线,淞虹路,,2006/12/30,,,tracker,,Done
2000,110238,,地铁,2号线,北新泾,,2006/12/30,,,tracker,,Done
2000,110239,,地铁,2号线,威宁路,,2006/12/30,,,tracker,,Done
2000,110240,,地铁,2号线,娄山关路,,2006/12/30,,,tracker,,Done
2000,110241,,地铁,2号线,中山公园,,2000/6/11,,,tracker,,Done
2000,110242,,地铁,2号线,江苏路,,2000/6/11,,,tracker,,Done
2000,110243,,地铁,2号线,静安寺,,2000/6/11,,,tracker,,Done
2000,110244,,地铁,2号线,石门一路,Shimengyi Road,2000/6/11,,2006/10/19,admin,,Done
2000,110244,,地铁,2号线,南京西路,,2006/10/19,,,tracker,,Done
2000,110245,,地铁,2号线,人民公园,People's Park,2000/6/11,,2000/8/10,admin,,Done
2000,110245,,地铁,2号线,人民广场,People's Square,2000/8/10,,,tracker,,Done
2000,110246,,地铁,2号线,河南中路,Middle He'nan Road,2000/6/11,,2006/10/19,admin,,Done
2000,110246,,地铁,2号线,南京东路,,2006/10/19,,,tracker,,Done
2000,110247,,地铁,2号线,陆家嘴,,2000/6/11,,,tracker,,Done
2000,110248,,地铁,2号线,东昌路,Dongchang Road,2000/6/11,,2024/9/21,tracker,,Done
2000,110248,,地铁,2号线,浦东南路,South Pudong Road,2024/9/21,,,admin,,Done
2000,110249,,地铁,2号线,东方路,Dongfang Road,2000/6/11,,2006/10/28,admin,,Done
2000,110249,,地铁,2号线,世纪大道,,2006/10/28,,,tracker,,Done
2000,110250,,地铁,2号线,杨高南路,South Yanggao Road,2000/6/11,,2002/12/12,admin,,Done
2000,110250,,地铁,2号线,上海科技馆,,2002/12/12,,,tracker,,Done
2000,110251,,地铁,2号线,世纪公园,,2000/6/11,,,tracker,,Done
2000,110252,,地铁,2号线,龙阳路,,2000/6/11,,,tracker,,Done
2000,110253,,地铁,2号线,张江高科,,2000/12/26,,,tracker,,Done
2000,110254,,地铁,2号线,金科路,,2010/2/24,,,tracker,,Done
2000,110255,,地铁,2号线,广兰路,,2010/2/24,,,tracker,,Done
2000,110256,,地铁,2号线,唐镇,,2010/4/8,,,tracker,,Done
2000,110257,,地铁,2号线,创新中路,,2010/4/8,,,tracker,,Done
2000,110258,,地铁,2号线,华夏东路,,2010/4/8,,,tracker,,Done
2000,110259,,地铁,2号线,川沙,,2010/4/8,,,tracker,,Done
2000,110260,,地铁,2号线,凌空路,,2010/4/8,,,tracker,,Done
2000,110261,,地铁,2号线,远东大道,,2010/4/8,,,tracker,,Done
2000,110262,,地铁,2号线,海天三路,,2010/4/8,,,tracker,,Done
2000,110263,,地铁,2号线,浦东国际机场,Pudong International Airport,2010/4/8,,2024/9/21,tracker,,Done
2000,110263,,地铁,2号线,浦东1号2号航站楼,Pudong Airport Terminal 1 & 2,2024/9/21,,,admin,,Done
2000,1103,,地铁,3号线,,,2000/12/26,,,tracker,,Done
2000,110311,,地铁,3号线,上海南站,,2000/12/26,,,tracker,,Done
2000,110312,,地铁,3号线,石龙路,,2000/12/26,,,tracker,,Done
2000,110313,,地铁,3号线,龙漕路,,2000/12/26,,,tracker,,Done
2000,110314,,地铁,3号线,漕溪路,,2000/12/26,,,tracker,,Done
2000,110315,,地铁,3号线,宜山路,,2000/12/26,,,tracker,,Done
2000,110316,,地铁,3号线,虹桥路,,2000/12/26,,,tracker,,Done
2000,110317,,地铁,3号线,延安西路,,2000/12/26,,,tracker,,Done
2000,110318,,地铁,3号线,中山公园,,2000/12/26,,,tracker,,Done
2000,110319,,地铁,3号线,金沙江路,,2000/12/26,,,tracker,,Done
2000,110320,,地铁,3号线,曹杨路,,2000/12/26,,,tracker,,Done
2000,110321,,地铁,3号线,镇坪路,,2000/12/26,,,tracker,,Done
2000,110322,,地铁,3号线,中潭路,,2000/12/26,,,tracker,,Done
2000,110323,,地铁,3号线,上海站,,2000/12/26,,2008/6/1,admin,,Done
2000,110323,,地铁,3号线,上海火车站,,2008/6/1,,,tracker,,Done
2000,110324,,地铁,3号线,宝山路,,2000/12/26,,,tracker,,Done
2000,110325,,地铁,3号线,东宝兴路,,2000/12/26,,,tracker,,Done
2000,110326,,地铁,3号线,虹口足球场,,2000/12/26,,,tracker,,Done
2000,110327,,地铁,3号线,赤峰路,,2000/12/26,,,tracker,,Done
2000,110328,,地铁,3号线,汶水东路,East Wenshui Road,2000/12/26,,2006/10/19,admin,,Done
2000,110328,,地铁,3号线,大柏树,Dabaishu,2006/10/19,,,tracker,,Done
2000,110329,,地铁,3号线,江湾镇,,2000/12/26,,,tracker,,Done
2000,110330,,地铁,3号线,殷高西路,,2006/12/18,,,tracker,,Done
2000,110331,,地铁,3号线,长江南路,,2006/12/18,,,tracker,,Done
2000,110332,,地铁,3号线,淞发路,,2006/12/18,,,tracker,,Done
2000,110333,,地铁,3号线,张华浜,,2006/12/18,,,tracker,,Done
2000,110334,,地铁,3号线,淞滨路,,2006/12/18,,,tracker,,Done
2000,110335,,地铁,3号线,水产路,,2006/12/18,,,tracker,,Done
2000,110336,,地铁,3号线,宝杨路,,2006/12/18,,,tracker,,Done
2000,110337,,地铁,3号线,友谊路,,2006/12/18,,,tracker,,Done
2000,110338,,地铁,3号线,铁力路,,2006/12/18,,,tracker,,Done
2000,110339,,地铁,3号线,江杨北路,,2006/12/18,,,tracker,,Done
2000,1104,,地铁,4号线,,,2005/12/31,,,tracker,,Done
2000,110401,,地铁,4号线,上海体育馆,,2005/12/31,,,tracker,,Done
2000,110402,,地铁,4号线,宜山路,,2005/12/31,,,tracker,,Done
2000,110403,,地铁,4号线,虹桥路,,2005/12/31,,,tracker,,Done
2000,110404,,地铁,4号线,延安西路,,2005/12/31,,,tracker,,Done
2000,110405,,地铁,4号线,中山公园,,2005/12/31,,,tracker,,Done
2000,110406,,地铁,4号线,金沙江路,,2005/12/31,,,tracker,,Done
2000,110407,,地铁,4号线,曹杨路,,2005/12/31,,,tracker,,Done
2000,110408,,地铁,4号线,镇坪路,,2005/12/31,,,tracker,,Done
2000,110409,,地铁,4号线,中潭路,,2005/12/31,,,tracker,,Done
2000,110410,,地铁,4号线,上海站,,2005/12/31,,2008/6/1,admin,,Done
2000,110410,,地铁,4号线,上海火车站,,2008/6/1,,,tracker,,Done
2000,110411,,地铁,4号线,宝山路,,2005/12/31,,,tracker,,Done
2000,110412,,地铁,4号线,海伦路,,2005/12/31,,,tracker,,Done
2000,110413,,地铁,4号线,临平路,,2005/12/31,,,tracker,,Done
2000,110414,,地铁,4号线,大连路,,2005/12/31,,,tracker,,Done
2000,110415,,地铁,4号线,杨树浦路,,2005/12/31,,,tracker,,Done
2000,110416,,地铁,4号线,浦东大道,,2005/12/31,,,tracker,,Done
2000,110417,,地铁,4号线,世纪大道,,2006/10/28,,,tracker,,Done
2000,110418,,地铁,4号线,浦电路,Pudian Road,2005/12/31,,2024/9/21,tracker,,Done
2000,110418,,地铁,4号线,向城路,Xiangcheng Road,2024/9/21,,,admin,,Done
2000,110419,,地铁,4号线,蓝村路,,2005/12/31,,,tracker,,Done
2000,110420,,地铁,4号线,塘桥,,2007/12/29,,,tracker,,Done
2000,110421,,地铁,4号线,南浦大桥,,2007/12/29,,,tracker,,Done
2000,110422,,地铁,4号线,西藏南路,,2007/12/29,,,tracker,,Done
2000,110423,,地铁,4号线,鲁班路,,2007/12/29,,,tracker,,Done
2000,110424,,地铁,4号线,大木桥路,,2005/12/31,,,tracker,,Done
2000,110425,,地铁,4号线,东安路,,2005/12/31,,,tracker,,Done
2000,110426,,地铁,4号线,上海体育场,,2005/12/31,,,tracker,,Done
2000,1105,,地铁,5号线,,,2003/11/25,,,tracker,,Done
2000,110501,,地铁,5号线,莘庄,,2003/11/25,,,tracker,,Done
2000,110502,,地铁,5号线,春申路,,2003/11/25,,,tracker,,Done
2000,110503,,地铁,5号线,银都路,,2003/11/25,,,tracker,,Done
2000,110505,,地铁,5号线,颛桥,,2003/11/25,,,tracker,,Done
2000,110507,,地铁,5号线,北桥,,2003/11/25,,,tracker,,Done
2000,110508,,地铁,5号线,剑川路,,2003/11/25,,,tracker,,Done
2000,110509,,地铁,5号线,东川路,,2003/11/25,,,tracker,,Done
2000,110510,,地铁,5号线,金平路,,2003/11/25,,,tracker,,Done
2000,110511,,地铁,5号线,华宁路,,2003/11/25,,,tracker,,Done
2000,110512,,地铁,5号线,文井路,,2003/11/25,,,tracker,,Done
2000,110513,,地铁,5号线,闵行开发区,,2003/11/25,,,tracker,,Done
2000,110531,,地铁,5号线,江川路,,2018/12/30,,,tracker,,Done
2000,110532,,地铁,5号线,西渡,,2018/12/30,,,tracker,,Done
2000,110533,,地铁,5号线,萧塘,,2018/12/30,,,tracker,,Done
2000,110534,,地铁,5号线,奉浦大道,,2018/12/30,,,tracker,,Done
2000,110535,,地铁,5号线,环城东路,,2018/12/30,,,tracker,,Done
2000,110536,,地铁,5号线,望园路,,2018/12/30,,,tracker,,Done
2000,110537,,地铁,5号线,金海湖,,2018/12/30,,,tracker,,Done
2000,110538,,地铁,5号线,奉贤新城,,2018/12/30,,,tracker,,Done
2000,1106,,地铁,6号线,,,2007/12/29,,,tracker,,Done
2000,110621,,地铁,6号线,济阳路,Jiyang Road,2011/4/12,,2011/5/7,admin,,Done
2000,110621,,地铁,6号线,东方体育中心,,2011/5/7,,,tracker,,Done
2000,110622,,地铁,6号线,灵岩南路,,2007/12/29,,,tracker,,Done
2000,110623,,地铁,6号线,上南路,,2007/12/29,,,tracker,,Done
2000,110624,,地铁,6号线,华夏西路,,2007/12/29,,,tracker,,Done
2000,110625,,地铁,6号线,高青路,,2007/12/29,,,tracker,,Done
2000,110626,,地铁,6号线,东明路,,2007/12/29,,,tracker,,Done
2000,110627,,地铁,6号线,高科西路,,2007/12/29,,,tracker,,Done
2000,110628,,地铁,6号线,临沂新村,,2007/12/29,,,tracker,,Done
2000,110629,,地铁,6号线,上海儿童医学中心,,2007/12/29,,,tracker,,Done
2000,110630,,地铁,6号线,蓝村路,,2007/12/29,,,tracker,,Done
2000,110631,,地铁,6号线,浦电路,,2007/12/29,,,tracker,,Done
2000,110632,,地铁,6号线,世纪大道,,2007/12/29,,,tracker,,Done
2000,110633,,地铁,6号线,源深体育中心,Yuanshen Stadium,2007/12/29,,2024/9/21,tracker,,Done
2000,110633,,地铁,6号线,源深体育中心,Yuanshen Sports Center,2024/9/21,,,admin,,Done
2000,110634,,地铁,6号线,民生路,,2007/12/29,,,tracker,,Done
2000,110635,,地铁,6号线,北洋泾路,,2007/12/29,,,tracker,,Done
2000,110636,,地铁,6号线,德平路,,2007/12/29,,,tracker,,Done
2000,110637,,地铁,6号线,云山路,,2007/12/29,,,tracker,,Done
2000,110638,,地铁,6号线,金桥路,,2007/12/29,,,tracker,,Done
2000,110639,,地铁,6号线,博兴路,,2007/12/29,,,tracker,,Done
2000,110640,,地铁,6号线,五莲路,,2007/12/29,,,tracker,,Done
2000,110641,,地铁,6号线,巨峰路,,2007/12/29,,,tracker,,Done
2000,110642,,地铁,6号线,东靖路,,2007/12/29,,,tracker,,Done
2000,110643,,地铁,6号线,五洲大道,,2007/12/29,,,tracker,,Done
2000,110644,,地铁,6号线,洲海路,,2007/12/29,,,tracker,,Done
2000,110645,,地铁,6号线,外高桥保税区南,,2007/12/29,,,tracker,,Done
2000,110646,,地铁,6号线,航津路,,2007/12/29,,,tracker,,Done
2000,110647,,地铁,6号线,外高桥保税区北,,2007/12/29,,,tracker,,Done
2000,110648,,地铁,6号线,港城路,,2007/12/29,,,tracker,,Done
2000,1107,,地铁,7号线,,,2009/12/5,,,tracker,,Done
2000,110721,,地铁,7号线,美兰湖,,2010/12/28,,,tracker,,Done
2000,110722,,地铁,7号线,罗南新村,,2010/12/28,,,tracker,,Done
2000,110723,,地铁,7号线,潘广路,,2011/6/30,,,tracker,,Done
2000,110724,,地铁,7号线,刘行,,2011/6/30,,,tracker,,Done
2000,110725,,地铁,7号线,顾村公园,,2010/12/28,,,tracker,,Done
2000,110726,,地铁,7号线,祁华路,,2014/7/22,,,tracker,,Done
2000,110727,,地铁,7号线,上海大学,,2009/12/5,,,tracker,,Done
2000,110728,,地铁,7号线,南陈路,,2009/12/5,,,tracker,,Done
2000,110729,,地铁,7号线,上大路,,2009/12/5,,,tracker,,Done
2000,110730,,地铁,7号线,场中路,,2009/12/5,,,tracker,,Done
2000,110731,,地铁,7号线,大场镇,,2009/12/5,,,tracker,,Done
2000,110732,,地铁,7号线,行知路,,2009/12/5,,,tracker,,Done
2000,110733,,地铁,7号线,大华三路,,2009/12/5,,,tracker,,Done
2000,110734,,地铁,7号线,新村路,,2009/12/5,,,tracker,,Done
2000,110735,,地铁,7号线,岚皋路,,2009/12/5,,,tracker,,Done
2000,110736,,地铁,7号线,镇坪路,,2009/12/5,,,tracker,,Done
2000,110737,,地铁,7号线,长寿路,,2009/12/5,,,tracker,,Done
2000,110738,,地铁,7号线,昌平路,,2009/12/5,,,tracker,,Done
2000,110739,,地铁,7号线,静安寺,,2009/12/5,,,tracker,,Done
2000,110740,,地铁,7号线,常熟路,,2009/12/5,,,tracker,,Done
2000,110741,,地铁,7号线,肇嘉浜路,,2009/12/5,,,tracker,,Done
2000,110742,,地铁,7号线,东安路,,2009/12/5,,,tracker,,Done
2000,110743,,地铁,7号线,船厂路,,2009/12/5,,2012/12/24,admin,,Done
2000,110743,,地铁,7号线,龙华中路,,2012/12/24,,,tracker,,Done
2000,110744,,地铁,7号线,后滩,,2010/4/20,,,tracker,,Done
2000,110745,,地铁,7号线,长清路,,2009/12/5,,,tracker,,Done
2000,110746,,地铁,7号线,耀华路,,2009/12/5,,,tracker,,Done
2000,110747,,地铁,7号线,云台路,,2009/12/5,,,tracker,,Done
2000,110748,,地铁,7号线,高科西路,,2009/12/5,,,tracker,,Done
2000,110749,,地铁,7号线,杨高南路,,2009/12/5,,,tracker,,Done
2000,110750,,地铁,7号线,锦绣路,,2009/12/5,,,tracker,,Done
2000,110751,,地铁,7号线,芳华路,,2009/12/5,,,tracker,,Done
2000,110752,,地铁,7号线,龙阳路,,2009/12/5,,,tracker,,Done
2000,110753,,地铁,7号线,花木路,,2009/12/5,,,tracker,,Done
2000,1108,,地铁,8号线,,,2007/12/29,,,tracker,,Done
2000,110815,,地铁,浦江线,汇臻路,,2018/3/31,,,tracker,,Done
2000,110816,,地铁,浦江线,东城一路,,2018/3/31,,,tracker,,Done
2000,110817,,地铁,浦江线,浦航路,,2018/3/31,,,tracker,,Done
2000,110818,,地铁,浦江线,闵瑞路,,2018/3/31,,,tracker,,Done
2000,110819,,地铁,浦江线,三鲁公路,,2018/3/31,,,tracker,,Done
2000,110820,,地铁,浦江线,沈杜公路,,2018/3/31,,,admin,,Done
2000,110820,,地铁,8号线,航天博物馆,Aerospace Museum,2009/7/5,,2013/8/31,admin,,Done
2000,110820,,地铁,8号线,沈杜公路,Shendu Highway,2013/8/31,,,tracker,,Done
2000,110821,,地铁,8号线,联航路,,2009/7/5,,,tracker,,Done
2000,110822,,地铁,8号线,江月路,,2009/7/5,,,tracker,,Done
2000,110823,,地铁,8号线,浦江镇,,2009/7/5,,,tracker,,Done
2000,110824,,地铁,8号线,芦恒路,,2009/7/5,,,tracker,,Done
2000,110825,,地铁,8号线,凌兆新村,,2009/7/5,,,tracker,,Done
2000,110826,,地铁,8号线,济阳路,,2011/4/12,,2011/5/7,admin,,Done
2000,110826,,地铁,8号线,东方体育中心,,2011/5/7,,,tracker,,Done
2000,110827,,地铁,8号线,杨思,,2009/7/5,,,tracker,,Done
2000,110828,,地铁,8号线,成山路,,2009/7/5,,,tracker,,Done
2000,110829,,地铁,8号线,耀华路,,2007/12/29,,,tracker,,Done
2000,110830,,地铁,8号线,中华艺术宫,,2012/9/28,,,tracker,,Done
2000,110831,,地铁,8号线,西藏南路,,2007/12/29,,,tracker,,Done
2000,110832,,地铁,8号线,陆家浜路,,2007/12/29,,,tracker,,Done
2000,110833,,地铁,8号线,老西门,,2007/12/29,,,tracker,,Done
2000,110834,,地铁,8号线,大世界,,2007/12/29,,,tracker,,Done
2000,110835,,地铁,8号线,人民广场,,2007/12/29,,,tracker,,Done
2000,110836,,地铁,8号线,曲阜路,,2007/12/29,,,tracker,,Done
2000,110837,,地铁,8号线,中兴路,,2007/12/29,,,tracker,,Done
2000,110838,,地铁,8号线,西藏北路,,2007/12/29,,,tracker,,Done
2000,110839,,地铁,8号线,虹口足球场,,2007/12/29,,,tracker,,Done
2000,110840,,地铁,8号线,曲阳路,,2007/12/29,,,tracker,,Done
2000,110841,,地铁,8号线,四平路,,2007/12/29,,,tracker,,Done
2000,110842,,地铁,8号线,鞍山新村,,2007/12/29,,,tracker,,Done
2000,110843,,地铁,8号线,江浦路,,2007/12/29,,,tracker,,Done
2000,110844,,地铁,8号线,黄兴路,,2007/12/29,,,tracker,,Done
2000,110845,,地铁,8号线,延吉中路,,2007/12/29,,,tracker,,Done
2000,110846,,地铁,8号线,黄兴公园,,2007/12/29,,,tracker,,Done
2000,110847,,地铁,8号线,翔殷路,,2007/12/29,,,tracker,,Done
2000,110848,,地铁,8号线,嫩江路,,2007/12/29,,,tracker,,Done
2000,110849,,地铁,8号线,市光路,,2007/12/29,,,tracker,,Done
2000,1109,,地铁,9号线,,,2007/12/29,,,tracker,,Done
2000,110918,,地铁,9号线,松江南站,,2012/12/30,,2024/9/21,tracker,,Done
2000,110918,,地铁,9号线,上海松江站,Shanghai Songjiang Railway Station,2024/9/21,,,admin,,Done
2000,110919,,地铁,9号线,醉白池,,2012/12/30,,,tracker,,Done
2000,110920,,地铁,9号线,松江体育中心,,2012/12/30,,,tracker,,Done
2000,110921,,地铁,9号线,松江新城,,2007/12/29,,,tracker,,Done
2000,110922,,地铁,9号线,松江大学城,,2007/12/29,,,tracker,,Done
2000,110923,,地铁,9号线,洞泾,,2007/12/29,,,tracker,,Done
2000,110924,,地铁,9号线,佘山,,2007/12/29,,,tracker,,Done
2000,110925,,地铁,9号线,泗泾,,2007/12/29,,,tracker,,Done
2000,110926,,地铁,9号线,九亭,,2007/12/29,,,tracker,,Done
2000,110927,,地铁,9号线,中春路,,2007/12/29,,,tracker,,Done
2000,110928,,地铁,9号线,七宝,,2007/12/29,,,tracker,,Done
2000,110929,,地铁,9号线,星中路,,2007/12/29,,,tracker,,Done
2000,110930,,地铁,9号线,合川路,,2007/12/29,,,tracker,,Done
2000,110931,,地铁,9号线,漕河泾开发区,,2007/12/29,,,tracker,,Done
2000,110932,,地铁,9号线,桂林路,,2007/12/29,,,tracker,,Done
2000,110933,,地铁,9号线,宜山路,,2008/12/28,,,tracker,,Done
2000,110934,,地铁,9号线,徐家汇,,2009/12/31,,,tracker,,Done
2000,110935,,地铁,9号线,肇嘉浜路,,2009/12/31,,,tracker,,Done
2000,110936,,地铁,9号线,嘉善路,,2009/12/31,,,tracker,,Done
2000,110937,,地铁,9号线,打浦桥,,2009/12/31,,,tracker,,Done
2000,110938,,地铁,9号线,马当路,,2009/12/31,,,tracker,,Done
2000,110939,,地铁,9号线,陆家浜路,,2009/12/31,,,tracker,,Done
2000,110940,,地铁,9号线,小南门,,2009/12/31,,,tracker,,Done
2000,110941,,地铁,9号线,商城路,,2009/12/31,,,tracker,,Done
2000,110942,,地铁,9号线,世纪大道,,2009/12/31,,,tracker,,Done
2000,110943,,地铁,9号线,杨高中路,,2010/4/7,,,tracker,,Done
2000,110944,,地铁,9号线,芳甸路,,2017/12/30,,,tracker,,Done
2000,110945,,地铁,9号线,蓝天路,,2017/12/30,,,tracker,,Done
2000,110946,,地铁,9号线,台儿庄路,,2017/12/30,,,tracker,,Done
2000,110947,,地铁,9号线,金桥,,2017/12/30,,,tracker,,Done
2000,110948,,地铁,9号线,金吉路,,2017/12/30,,,tracker,,Done
2000,110949,,地铁,9号线,金海路,,2017/12/30,,,tracker,,Done
2000,110950,,地铁,9号线,顾唐路,,2017/12/30,,,tracker,,Done
2000,110951,,地铁,9号线,民雷路,,2017/12/30,,,tracker,,Done
2000,110952,,地铁,9号线,曹路,,2017/12/30,,,tracker,,Done
2000,111,,地铁,,,,,,,tracker,,Done
2000,1110,,地铁,10号线,,,2010/4/10,,,tracker,,Done
2000,111018,,地铁,10号线,航中路,,2010/4/10,,,tracker,,Done
2000,111019,,地铁,10号线,紫藤路,,2010/4/10,,,tracker,,Done
2000,111020,,地铁,10号线,龙柏新村,,2010/4/10,,,tracker,,Done
2000,111041,,地铁,10号线,虹桥火车站,,2010/11/28,,,tracker,,Done
2000,111042,,地铁,10号线,虹桥2号航站楼,,2010/11/28,,,tracker,,Done
2000,111043,,地铁,10号线,虹桥1号航站楼,,2010/11/28,,,tracker,,Done
2000,111044,,地铁,10号线,上海动物园,,2010/11/28,,,tracker,,Done
2000,111045,,地铁,10号线,龙溪路,,2010/4/10,,,tracker,,Done
2000,111046,,地铁,10号线,水城路,,2010/4/10,,,tracker,,Done
2000,111047,,地铁,10号线,伊犁路,,2010/4/10,,,tracker,,Done
2000,111048,,地铁,10号线,宋园路,,2010/4/10,,,tracker,,Done
2000,111049,,地铁,10号线,虹桥路,,2010/4/10,,,tracker,,Done
2000,111050,,地铁,10号线,交通大学,,2010/4/10,,,tracker,,Done
2000,111051,,地铁,10号线,上海图书馆,,2010/4/10,,,tracker,,Done
2000,111052,,地铁,10号线,陕西南路,,2010/4/10,,,tracker,,Done
2000,111053,,地铁,10号线,新天地,,2010/4/10,,,tracker,,Done
2000,111054,,地铁,10号线,老西门,,2010/4/10,,,tracker,,Done
2000,111055,,地铁,10号线,豫园,,2010/4/10,,,tracker,,Done
2000,111056,,地铁,10号线,南京东路,,2010/4/10,,,tracker,,Done
2000,111057,,地铁,10号线,天潼路,,2010/4/10,,,tracker,,Done
2000,111058,,地铁,10号线,四川北路,,2010/4/10,,,tracker,,Done
2000,111059,,地铁,10号线,海伦路,,2010/4/10,,,tracker,,Done
2000,111060,,地铁,10号线,邮电新村,,2010/4/10,,,tracker,,Done
2000,111061,,地铁,10号线,四平路,,2010/4/10,,,tracker,,Done
2000,111062,,地铁,10号线,同济大学,,2010/4/10,,,tracker,,Done
2000,111063,,地铁,10号线,国权路,,2010/4/10,,,tracker,,Done
2000,111064,,地铁,10号线,五角场,,2010/4/10,,,tracker,,Done
2000,111065,,地铁,10号线,江湾体育场,,2010/4/10,,,tracker,,Done
2000,111066,,地铁,10号线,三门路,,2010/4/10,,,tracker,,Done
2000,111067,,地铁,10号线,殷高东路,,2010/4/10,,,tracker,,Done
2000,111068,,地铁,10号线,新江湾城,,2010/4/10,,,tracker,,Done
2000,111069,,地铁,10号线,国帆路,,2020/12/26,,,tracker,,Done
2000,111070,,地铁,10号线,双江路,,2020/12/26,,,tracker,,Done
2000,111071,,地铁,10号线,高桥西,,2020/12/26,,,tracker,,Done
2000,111072,,地铁,10号线,高桥,,2020/12/26,,,tracker,,Done
2000,111073,,地铁,10号线,港城路,,2020/12/26,,,tracker,,Done
2000,111074,,地铁,10号线,基隆路,,2020/12/26,,,tracker,,Done
2000,1111,,地铁,11号线,,,2009/12/31,,,tracker,,Done
2000,111114,,地铁,11号线,花桥,,2013/10/16,,,tracker,,Done
2000,111115,,地铁,11号线,光明路,,2013/10/16,,,tracker,,Done
2000,111116,,地铁,11号线,兆丰路,,2013/10/16,,,tracker,,Done
2000,111117,,地铁,11号线,安亭,,2010/3/29,,,tracker,,Done
2000,111118,,地铁,11号线,上海汽车城,,2010/3/29,,,tracker,,Done
2000,111119,,地铁,11号线,昌吉东路,,2011/4/26,,,tracker,,Done
2000,111120,,地铁,11号线,上海赛车场,,2010/3/29,,,tracker,,Done
2000,111131,,地铁,11号线,嘉定北,,2009/12/31,,,tracker,,Done
2000,111132,,地铁,11号线,嘉定西,,2009/12/31,,,tracker,,Done
2000,111133,,地铁,11号线,白银路,,2009/12/31,,,tracker,,Done
2000,111134,,地铁,11号线,嘉定新城,,2009/12/31,,,tracker,,Done
2000,111135,,地铁,11号线,马陆,,2009/12/31,,,tracker,,Done
2000,111136,,地铁,11号线,陈翔公路,,2020/8/25,,,tracker,,Done
2000,111137,,地铁,11号线,南翔,,2009/12/31,,,tracker,,Done
2000,111138,,地铁,11号线,桃浦新村,,2009/12/31,,,tracker,,Done
2000,111139,,地铁,11号线,武威路,,2009/12/31,,,tracker,,Done
2000,111140,,地铁,11号线,祁连山路,,2009/12/31,,,tracker,,Done
2000,111141,,地铁,11号线,李子园,,2009/12/31,,,tracker,,Done
2000,111142,,地铁,11号线,上海西站,,2009/12/31,,,tracker,,Done
2000,111143,,地铁,11号线,真如,,2009/12/31,,,tracker,,Done
2000,111144,,地铁,11号线,枫桥路,,2009/12/31,,,tracker,,Done
2000,111145,,地铁,11号线,曹杨路,,2009/12/31,,,tracker,,Done
2000,111146,,地铁,11号线,隆德路,,2009/12/31,,,tracker,,Done
2000,111147,,地铁,11号线,江苏路,,2009/12/31,,,tracker,,Done
2000,111148,,地铁,11号线,交通大学,,2013/8/31,,,tracker,,Done
2000,111149,,地铁,11号线,徐家汇,,2013/8/31,,,tracker,,Done
2000,111150,,地铁,11号线,上海游泳馆,,2013/8/31,,,tracker,,Done
2000,111151,,地铁,11号线,龙华,,2013/8/31,,,tracker,,Done
2000,111152,,地铁,11号线,云锦路,,2013/8/31,,,tracker,,Done
2000,111153,,地铁,11号线,龙耀路,,2013/8/31,,,tracker,,Done
2000,111154,,地铁,11号线,东方体育中心,,2013/8/31,,,tracker,,Done
2000,111155,,地铁,11号线,三林,,2013/8/31,,,tracker,,Done
2000,111156,,地铁,11号线,三林东,,2013/8/31,,,tracker,,Done
2000,111157,,地铁,11号线,浦三路,,2013/8/31,,,tracker,,Done
2000,111158,,地铁,11号线,康安路,Yanyu Road,2013/8/31,,2024/9/28,tracker,,Done
2000,111158,,地铁,11号线,康恒路,Kangheng Road,2024/9/28,,,admin,,Done
2000,111159,,地铁,11号线,御桥,,2013/8/31,,,tracker,,Done
2000,111160,,地铁,11号线,罗山路,,2013/8/31,,,tracker,,Done
2000,111161,,地铁,11号线,秀沿路,,2015/12/19,,,tracker,,Done
2000,111162,,地铁,11号线,康新公路,,2015/12/19,,,tracker,,Done
2000,111163,,地铁,11号线,迪士尼,,2016/4/26,,,tracker,,Done
2000,1112,,地铁,12号线,,,2013/12/29,,,tracker,,Done
2000,111220,,地铁,12号线,七莘路,,2015/12/19,,,tracker,,Done
2000,111221,,地铁,12号线,虹莘路,,2015/12/19,,,tracker,,Done
2000,111222,,地铁,12号线,顾戴路,,2015/12/19,,,tracker,,Done
2000,111223,,地铁,12号线,东兰路,,2015/12/19,,,tracker,,Done
2000,111224,,地铁,12号线,虹梅路,,2015/12/19,,,tracker,,Done
2000,111225,,地铁,12号线,虹漕路,,2015/12/19,,,tracker,,Done
2000,111226,,地铁,12号线,桂林公园,,2015/12/19,,,tracker,,Done
2000,111227,,地铁,12号线,漕宝路,,2015/12/19,,,tracker,,Done
2000,111228,,地铁,12号线,龙漕路,,2015/12/19,,,tracker,,Done
2000,111229,,地铁,12号线,龙华,,2015/12/19,,,tracker,,Done
2000,111230,,地铁,12号线,龙华中路,,2015/12/19,,,tracker,,Done
2000,111231,,地铁,12号线,大木桥路,,2015/12/19,,,tracker,,Done
2000,111232,,地铁,12号线,嘉善路,,2015/12/19,,,tracker,,Done
2000,111233,,地铁,12号线,陕西南路,,2015/12/19,,,tracker,,Done
2000,111234,,地铁,12号线,南京西路,,2015/12/19,,,tracker,,Done
2000,111235,,地铁,12号线,汉中路,,2015/12/19,,,tracker,,Done
2000,111236,,地铁,12号线,曲阜路,,2014/5/10,,,tracker,,Done
2000,111237,,地铁,12号线,天潼路,,2013/12/29,,,tracker,,Done
2000,111238,,地铁,12号线,国际客运中心,,2013/12/29,,,tracker,,Done
2000,111239,,地铁,12号线,提篮桥,,2013/12/29,,,tracker,,Done
2000,111240,,地铁,12号线,大连路,,2013/12/29,,,tracker,,Done
2000,111241,,地铁,12号线,江浦公园,,2013/12/29,,,tracker,,Done
2000,111242,,地铁,12号线,宁国路,,2013/12/29,,,tracker,,Done
2000,111243,,地铁,12号线,隆昌路,,2013/12/29,,,tracker,,Done
2000,111244,,地铁,12号线,爱国路,,2013/12/29,,,tracker,,Done
2000,111245,,地铁,12号线,复兴岛,,2013/12/29,,,tracker,,Done
2000,111246,,地铁,12号线,东陆路,,2013/12/29,,,tracker,,Done
2000,111247,,地铁,12号线,巨峰路,,2013/12/29,,,tracker,,Done
2000,111248,,地铁,12号线,杨高北路,,2013/12/29,,,tracker,,Done
2000,111249,,地铁,12号线,金京路,,2013/12/29,,,tracker,,Done
2000,111250,,地铁,12号线,申江路,,2013/12/29,,,tracker,,Done
2000,111251,,地铁,12号线,金海路,,2013/12/29,,,tracker,,Done
2000,1113,,地铁,13号线,,,2012/12/30,,,tracker,,Done
2000,111321,,地铁,13号线,金运路,,2012/12/30,,,tracker,,Done
2000,111322,,地铁,13号线,金沙江西路,,2012/12/30,,,tracker,,Done
2000,111323,,地铁,13号线,丰庄,,2012/12/30,,,tracker,,Done
2000,111324,,地铁,13号线,祁连山南路,,2013/6/15,,,tracker,,Done
2000,111325,,地铁,13号线,真北路,,2012/12/30,,,tracker,,Done
2000,111326,,地铁,13号线,大渡河路,,2014/11/1,,,tracker,,Done
2000,111327,,地铁,13号线,金沙江路,,2012/12/30,,,tracker,,Done
2000,111328,,地铁,13号线,隆德路,,2014/12/28,,,tracker,,Done
2000,111329,,地铁,13号线,武宁路,,2014/12/28,,,tracker,,Done
2000,111330,,地铁,13号线,长寿路,,2014/12/28,,,tracker,,Done
2000,111331,,地铁,13号线,江宁路,,2015/12/19,,,tracker,,Done
2000,111332,,地铁,13号线,汉中路,,2015/12/19,,,tracker,,Done
2000,111333,,地铁,13号线,自然博物馆,,2015/12/19,,,tracker,,Done
2000,111334,,地铁,13号线,南京西路,,2015/12/19,,,tracker,,Done
2000,111335,,地铁,13号线,淮海中路,,2015/12/19,,,tracker,,Done
2000,111336,,地铁,13号线,新天地,,2015/12/19,,,tracker,,Done
2000,111337,,地铁,13号线,马当路,,2015/12/19,,,tracker,,Done
2000,111338,,地铁,13号线,世博会博物馆,,2015/12/19,,,tracker,,Done
2000,111339,,地铁,13号线,世博大道,,2015/12/19,,,tracker,,Done
2000,111340,,地铁,13号线,长清路,,2018/12/30,,,tracker,,Done
2000,111341,,地铁,13号线,成山路,,2018/12/30,,,tracker,,Done
2000,111342,,地铁,13号线,东明路,,2018/12/30,,,tracker,,Done
2000,111343,,地铁,13号线,华鹏路,,2018/12/30,,,tracker,,Done
2000,111344,,地铁,13号线,下南路,,2018/12/30,,,tracker,,Done
2000,111345,,地铁,13号线,北蔡,,2018/12/30,,,tracker,,Done
2000,111346,,地铁,13号线,陈春路,,2018/12/30,,,tracker,,Done
2000,111347,,地铁,13号线,莲溪路,,2018/12/30,,,tracker,,Done
2000,111348,,地铁,13号线,华夏中路,,2018/12/30,,,tracker,,Done
2000,111349,,地铁,13号线,中科路,,2018/12/30,,,tracker,,Done
2000,111350,,地铁,13号线,学林路,,2018/12/30,,,tracker,,Done
2000,111351,,地铁,13号线,张江路,,2018/12/30,,,tracker,,Done
2000,1114,,地铁,14号线,,,2021/12/30,,,tracker,,Done
2000,111421,,地铁,14号线,封浜,,2021/12/30,,,tracker,,Done
2000,111422,,地铁,14号线,乐秀路,,2021/12/30,,,tracker,,Done
2000,111423,,地铁,14号线,临洮路,,2021/12/30,,,tracker,,Done
2000,111424,,地铁,14号线,嘉怡路,,2021/12/30,,,tracker,,Done
2000,111425,,地铁,14号线,定边路,,2021/12/30,,,tracker,,Done
2000,111426,,地铁,14号线,真新新村,,2021/12/30,,,tracker,,Done
2000,111427,,地铁,14号线,真光路,,2021/12/30,,,tracker,,Done
2000,111428,,地铁,14号线,铜川路,,2021/12/30,,,tracker,,Done
2000,111429,,地铁,14号线,真如,,2021/12/30,,,tracker,,Done
2000,111430,,地铁,14号线,中宁路,,2021/12/30,,,tracker,,Done
2000,111431,,地铁,14号线,曹杨路,,2021/12/30,,,tracker,,Done
2000,111432,,地铁,14号线,武宁路,,2021/12/30,,,tracker,,Done
2000,111433,,地铁,14号线,武定路,,2021/12/30,,,tracker,,Done
2000,111434,,地铁,14号线,静安寺,,2021/12/30,,,tracker,,Done
2000,111435,,地铁,14号线,黄陂南路,,2021/12/30,,,tracker,,Done
2000,111436,,地铁,14号线,大世界,,2021/12/30,,,tracker,,Done
2000,111437,,地铁,14号线,豫园,,2021/12/30,,,tracker,,Done
2000,111438,,地铁,14号线,陆家嘴,,2021/12/30,,,tracker,,Done
2000,111439,,地铁,14号线,浦东南路,South Pudong Road,2021/12/30,,,tracker,,Done
2000,111440,,地铁,14号线,浦东大道,,2021/12/30,,,tracker,,Done
2000,111441,,地铁,14号线,源深路,,2021/12/30,,,tracker,,Done
2000,111442,,地铁,14号线,昌邑路,,2021/12/30,,,tracker,,Done
2000,111443,,地铁,14号线,歇浦路,,2021/12/30,,,tracker,,Done
2000,111444,,地铁,14号线,龙居路,,,,,tracker,,Done
2000,111445,,地铁,14号线,云山路,,2021/12/30,,,tracker,,Done
2000,111446,,地铁,14号线,蓝天路,,2021/12/30,,,tracker,,Done
2000,111447,,地铁,14号线,黄杨路,,2021/12/30,,,tracker,,Done
2000,111448,,地铁,14号线,云顺路,,2021/12/30,,,tracker,,Done
2000,111449,,地铁,14号线,浦东足球场,,2021/12/30,,,tracker,,Done
2000,111450,,地铁,14号线,金粤路,,2021/12/30,,,tracker,,Done
2000,111451,,地铁,14号线,桂桥路,,2021/12/30,,,tracker,,Done
2000,1115,,地铁,15号线,,,2021/1/23,,,tracker,,Done
2000,111521,,地铁,15号线,紫竹高新区,,2021/1/23,,,tracker,,Done
2000,111522,,地铁,15号线,永德路,,2021/1/23,,,tracker,,Done
2000,111523,,地铁,15号线,元江路,,2021/1/23,,,tracker,,Done
2000,111524,,地铁,15号线,双柏路,,2021/1/23,,,tracker,,Done
2000,111525,,地铁,15号线,曙建路,,2021/1/23,,,tracker,,Done
2000,111526,,地铁,15号线,景西路,,2021/1/23,,,tracker,,Done
2000,111527,,地铁,15号线,虹梅南路,,2021/1/23,,,tracker,,Done
2000,111528,,地铁,15号线,华泾西,West Huajing,2021/1/23,,2024/9/21,tracker,,Done
2000,111528,,地铁,15号线,景洪路,Jinghong Road,2024/9/21,,,admin,,Done
2000,111529,,地铁,15号线,朱梅路,,2021/1/23,,,tracker,,Done
2000,111530,,地铁,15号线,罗秀路,,2021/1/23,,,tracker,,Done
2000,111531,,地铁,15号线,华东理工大学,,2021/1/23,,,tracker,,Done
2000,111532,,地铁,15号线,上海南站,,2021/1/23,,,tracker,,Done
2000,111533,,地铁,15号线,桂林公园,,2021/1/23,,,tracker,,Done
2000,111534,,地铁,15号线,桂林路,,2021/1/23,,,tracker,,Done
2000,111535,,地铁,15号线,吴中路,,2021/1/23,,,tracker,,Done
2000,111536,,地铁,15号线,姚虹路,,2021/1/23,,,tracker,,Done
2000,111537,,地铁,15号线,红宝石路,,2021/1/23,,,tracker,,Done
2000,111538,,地铁,15号线,娄山关路,,2021/1/23,,,tracker,,Done
2000,111539,,地铁,15号线,长风公园,,2021/1/23,,,tracker,,Done
2000,111540,,地铁,15号线,大渡河路,,2021/1/23,,,tracker,,Done
2000,111541,,地铁,15号线,梅岭北路,,2021/1/23,,,tracker,,Done
2000,111542,,地铁,15号线,铜川路,,2021/1/23,,,tracker,,Done
2000,111543,,地铁,15号线,上海西站,,2021/1/23,,,tracker,,Done
2000,111544,,地铁,15号线,武威东路,,2021/1/23,,,tracker,,Done
2000,111545,,地铁,15号线,古浪路,,2021/1/23,,,tracker,,Done
2000,111546,,地铁,15号线,祁安路,,2021/1/23,,,tracker,,Done
2000,111547,,地铁,15号线,南大路,,2021/1/23,,,tracker,,Done
2000,111548,,地铁,15号线,丰翔路,,2021/1/23,,,tracker,,Done
2000,111549,,地铁,15号线,锦秋路,,2021/1/23,,,tracker,,Done
2000,111550,,地铁,15号线,顾村公园,,2021/1/23,,,tracker,,Done
2000,1116,,地铁,16号线,,,2013/12/29,,,tracker,,Done
2000,111621,,地铁,16号线,龙阳路,,2014/12/28,,,tracker,,Done
2000,111622,,地铁,16号线,华夏中路,,2014/12/28,,,tracker,,Done
2000,111623,,地铁,16号线,罗山路,,2013/12/29,,,tracker,,Done
2000,111624,,地铁,16号线,周浦东,,2013/12/29,,,tracker,,Done
2000,111625,,地铁,16号线,鹤沙航城,,2013/12/29,,,tracker,,Done
2000,111626,,地铁,16号线,航头东,,2013/12/29,,,tracker,,Done
2000,111627,,地铁,16号线,新场,,2013/12/29,,,tracker,,Done
2000,111628,,地铁,16号线,野生动物园,,2013/12/29,,,tracker,,Done
2000,111629,,地铁,16号线,惠南,,2013/12/29,,,tracker,,Done
2000,111630,,地铁,16号线,惠南东,,2013/12/29,,,tracker,,Done
2000,111631,,地铁,16号线,书院,,2013/12/29,,,tracker,,Done
2000,111632,,地铁,16号线,临港大道,,2013/12/29,,,tracker,,Done
2000,111633,,地铁,16号线,滴水湖,,2013/12/29,,,tracker,,Done
2000,1117,,地铁,17号线,,,2017/12/30,,,tracker,,Done
2000,111721,,地铁,17号线,虹桥火车站,,2017/12/30,,,tracker,,Done
2000,111722,,地铁,17号线,诸光路,Zhuguang Road,2017/12/30,,2024/9/21,tracker,,Done
2000,111722,,地铁,17号线,国家会展中心,National Exhibition and Convention Center,2024/9/21,,,admin,,Done
2000,111723,,地铁,17号线,蟠龙路,,2017/12/30,,,tracker,,Done
2000,111724,,地铁,17号线,徐盈路,,2017/12/30,,,tracker,,Done
2000,111725,,地铁,17号线,徐泾北城,,2017/12/30,,,tracker,,Done
2000,111726,,地铁,17号线,嘉松中路,,2017/12/30,,,tracker,,Done
2000,111727,,地铁,17号线,赵巷,,2017/12/30,,,tracker,,Done
2000,111728,,地铁,17号线,汇金路,,2017/12/30,,,tracker,,Done
2000,111729,,地铁,17号线,青浦新城,,2017/12/30,,,tracker,,Done
2000,111730,,地铁,17号线,漕盈路,,2017/12/30,,,tracker,,Done
2000,111731,,地铁,17号线,淀山湖大道,,2017/12/30,,,tracker,,Done
2000,111732,,地铁,17号线,朱家角,,2017/12/30,,,tracker,,Done
2000,111733,,地铁,17号线,东方绿舟,,2017/12/30,,,tracker,,Done
2000,1118,,地铁,18号线,,,2020/12/26,,,tracker,,Done
2000,111821,,地铁,18号线,航头,,2020/12/26,,,tracker,,Done
2000,111822,,地铁,18号线,下沙,,2020/12/26,,,tracker,,Done
2000,111823,,地铁,18号线,鹤涛路,,2020/12/26,,,tracker,,Done
2000,111824,,地铁,18号线,沈梅路,,2020/12/26,,,tracker,,Done
2000,111825,,地铁,18号线,繁荣路,,2020/12/26,,,tracker,,Done
2000,111826,,地铁,18号线,周浦,,2020/12/26,,,tracker,,Done
2000,111827,,地铁,18号线,康桥,,2020/12/26,,,tracker,,Done
2000,111828,,地铁,18号线,御桥,,2020/12/26,,,tracker,,Done
2000,111829,,地铁,18号线,莲溪路,,2021/12/30,,,tracker,,Done
2000,111830,,地铁,18号线,北中路,,2021/12/30,,,tracker,,Done
2000,111831,,地铁,18号线,芳芯路,,2021/12/30,,,tracker,,Done
2000,111832,,地铁,18号线,龙阳路,,2021/12/30,,,tracker,,Done
2000,111833,,地铁,18号线,迎春路,,2021/12/30,,,tracker,,Done
2000,111834,,地铁,18号线,杨高中路,,2021/12/30,,,tracker,,Done
2000,111835,,地铁,18号线,民生路,,2021/12/30,,,tracker,,Done
2000,111836,,地铁,18号线,昌邑路,,2021/12/30,,,tracker,,Done
2000,111837,,地铁,18号线,丹阳路,,2021/12/30,,,tracker,,Done
2000,111838,,地铁,18号线,平凉路,,2021/12/30,,,tracker,,Done
2000,111839,,地铁,18号线,江浦公园,,2021/12/30,,,tracker,,Done
2000,111840,,地铁,18号线,江浦路,,2021/12/30,,,tracker,,Done
2000,111841,,地铁,18号线,抚顺路,,2021/12/30,,,tracker,,Done
2000,111842,,地铁,18号线,国权路,,2021/12/30,,,tracker,,Done
2000,111843,,地铁,18号线,复旦大学,,2021/12/30,,,tracker,,Done
2000,111844,,地铁,18号线,上海财经大学,,2021/12/30,,,tracker,,Done
2000,111845,,地铁,18号线,殷高路,,2021/12/30,,,tracker,,Done
2000,111846,,地铁,18号线,长江南路,,2021/12/30,,,tracker,,Done
2000,1119,,地铁,19号线,,,,,,tracker,,Done
2000,112,,地铁,,,,,,,tracker,,Done
2000,1120,,地铁,20号线,,,,,,tracker,,Done
2000,1121,,地铁,21号线,,,,,,tracker,,Done
2000,1122,,铁路,金山铁路,,,2012/9/29,,,tracker,,Done
2000,112221,,铁路,金山铁路,上海南,,2012/9/29,,,tracker,,Done
2000,112222,,铁路,金山铁路,莘庄,,,,,tracker,,Done
2000,112223,,铁路,金山铁路,春申,,2012/9/29,,,tracker,,Done
2000,112224,,铁路,金山铁路,新桥,,2012/9/29,,,tracker,,Done
2000,112225,,铁路,金山铁路,车墩,,2012/9/29,,,tracker,,Done
2000,112226,,铁路,金山铁路,叶榭,,2012/9/29,,,tracker,,Done
2000,112227,,铁路,金山铁路,亭林,,2012/9/29,,,tracker,,Done
2000,112228,,铁路,金山铁路,金山园区,,2012/9/29,,,tracker,,Done
2000,112229,,铁路,金山铁路,金山卫,,2012/9/29,,,tracker,,Done
2000,1123,,地铁,23号线,,,,,,tracker,,Done
2000,1124,,地铁,24号线,,,,,,tracker,,Done
2000,1125,,地铁,25号线,,,,,,tracker,,Done
2000,114,,公交,,,,,,,tracker,,Done
2000,11400257,,公交,大桥六线,,,,,,admin,,Done
2000,11402389,,公交,徐泾5,,,,,,admin,,Done
2000,11402574,,公交,797,,,,,,admin,,Done
2000,11406296,,公交,706,,,,,,admin,,Done
2000,11406389,,公交,1511,,,,,,admin,,Done
2000,11406506,,公交,徐泾5,,,,,,admin,,Done
2000,115,,公交,,,,,,,tracker,,Done
2000,11505370,,公交,,,,,,,admin,,Done
2000,11506231,,公交,徐川专线,,,,,,admin,,Done
2000,11507763,,公交,71,,,,,,admin,,Done
2000,11508864,,公交,824,,,,,,admin,,Done
2000,116,,公交,,,,,,,tracker,,Done
2000,116040,,有轨电车,,,,,,,tracker,,Done
2000,117,,公交,,,,,,,tracker,,Done
2000,118,,公交,,,,,,,tracker,,Done
2000,119,,公交,,,,,,,tracker,,Done
2000,11900163,,公交,933,,,,,,admin,,Done
2000,11902814,,公交,87,,,,,,admin,,Done
2000,11903298,,公交,937,,,,,,admin,,Done
2000,11903387,,公交,932,,,,,,admin,,Done
2000,11906259,,公交,776,,,,,,admin,,Done
2000,11906645,,公交,临港5,,,,,,admin,,Done
2000,11908266,,公交,临港中运量2号线（内圈）,,,,,,admin,,Done
2000,12,,交通卡服务站,,,,,,,tracker,,Done
2000,1200,,交通卡服务站,,,,,,,tracker,,Done
2000,14,,地铁服务中心,,,,,,,tracker,,Done
2000,1401,,地铁服务中心,1号线,,,,,,tracker,,Done
2000,1402,,地铁服务中心,2号线,,,,,,tracker,,Done
2000,1403,,地铁服务中心,3号线,,,,,,tracker,,Done
2000,1404,,地铁服务中心,4号线,,,,,,tracker,,Done
2000,1405,,地铁服务中心,5号线,,,,,,tracker,,Done
2000,1406,,地铁服务中心,6号线,,,,,,tracker,,Done
2000,1407,,地铁服务中心,7号线,,,,,,tracker,,Done
2000,1408,,地铁服务中心,8号线,,,,,,tracker,,Done
2000,1409,,地铁服务中心,9号线,,,,,,tracker,,Done
2000,1410,,地铁服务中心,10号线,,,,,,tracker,,Done
2000,1411,,地铁服务中心,11号线,,,,,,tracker,,Done
2000,1412,,地铁服务中心,12号线,,,,,,tracker,,Done
2000,1413,,地铁服务中心,13号线,,,,,,tracker,,Done
2000,1414,,地铁服务中心,14号线,,,,,,tracker,,Done
2000,1415,,地铁服务中心,15号线,,,,,,tracker,,Done
2000,1416,,地铁服务中心,16号线,,,,,,tracker,,Done
2000,1417,,地铁服务中心,17号线,,,,,,tracker,,Done
2000,1418,,地铁服务中心,18号线,,,,,,tracker,,Done
2000,1419,,地铁服务中心,19号线,,,,,,tracker,,Done
2000,1420,,地铁服务中心,20号线,,,,,,tracker,,Done
2000,1421,,地铁服务中心,21号线,,,,,,tracker,,Done
2000,1422,,地铁服务中心,金山铁路,,,,,,tracker,,Done
2000,22,,地铁,,,,,,,tracker,,Done
2000,2201,,地铁,1号线,,,1993/5/28,,,tracker,,Done
2000,2202,,地铁,2号线,,,2000/6/11,,,tracker,,Done
2000,2203,,地铁,3号线,,,2000/12/26,,,tracker,,Done
2000,2204,,地铁,4号线,,,2005/12/31,,,tracker,,Done
2000,2205,,地铁,5号线,,,2003/11/25,,,tracker,,Done
2000,2206,,地铁,6号线,,,2007/12/29,,,tracker,,Done
2000,2207,,地铁,7号线,,,2009/12/5,,,tracker,,Done
2000,2208,,地铁,8号线,,,2007/12/29,,,tracker,,Done
2000,2209,,地铁,9号线,,,,,,tracker,,Done
2000,2210,,地铁,10号线,,,2010/4/10,,,tracker,,Done
2000,2211,,地铁,11号线,,,2009/12/31,,,tracker,,Done
2000,2212,,地铁,12号线,,,2013/12/29,,,tracker,,Done
2000,2213,,地铁,13号线,,,2012/12/30,,,tracker,,Done
2000,2214,,地铁,14号线,,,2021/12/30,,,tracker,,Done
2000,2215,,地铁,15号线,,,2021/1/23,,,tracker,,Done
2000,2216,,地铁,16号线,,,2013/12/29,,,tracker,,Done
2000,2217,,地铁,17号线,,,2017/12/30,,,tracker,,Done
2000,2218,,地铁,18号线,,,2020/12/26,,,tracker,,Done
2000,2219,,地铁,19号线,,,,,,tracker,,Done
2000,2220,,地铁,20号线,,,,,,tracker,,Done
2000,2221,,地铁,21号线,,,,,,tracker,,Done
2000,2222,,铁路,金山铁路,,,2012/9/29,,,tracker,,Done
2000,222221,,铁路,金山铁路,上海南,,2012/9/29,,,tracker,,Done
2000,222222,,铁路,金山铁路,莘庄,,,,,tracker,,Done
2000,222223,,铁路,金山铁路,春申,,2012/9/29,,,tracker,,Done
2000,222224,,铁路,金山铁路,新桥,,2012/9/29,,,tracker,,Done
2000,222225,,铁路,金山铁路,车墩,,2012/9/29,,,tracker,,Done
2000,222226,,铁路,金山铁路,叶榭,,2012/9/29,,,tracker,,Done
2000,222227,,铁路,金山铁路,亭林,,2012/9/29,,,tracker,,Done
2000,222228,,铁路,金山铁路,金山园区,,2012/9/29,,,tracker,,Done
2000,222229,,铁路,金山铁路,金山卫,,2012/9/29,,,tracker,,Done
2000,260,,BRT,,,,,,,tracker,,Done
2000,2601,,BRT,BRT奉浦快线,,,,,,tracker,,Done
2000,260101,,BRT,BRT奉浦快线,南桥汽车站,,,,,tracker,,Done
2000,260102,,BRT,BRT奉浦快线,望园路,,,,,tracker,,Done
2000,260103,,BRT,BRT奉浦快线,金海公路,,,,,tracker,,Done
2000,260104,,BRT,BRT奉浦快线,定康路,,,,,tracker,,Done
2000,260105,,BRT,BRT奉浦快线,贤浦路,,,,,tracker,,Done
2000,260106,,BRT,BRT奉浦快线,秀竹路,,,,,tracker,,Done
2000,260107,,BRT,BRT奉浦快线,清朗路,,,,,tracker,,Done
2000,260108,,BRT,BRT奉浦快线,金大公路,,,,,tracker,,Done
2000,260109,,BRT,BRT奉浦快线,齐贤,,,,,tracker,,Done
2000,260110,,BRT,BRT奉浦快线,南行港路,,,,,tracker,,Done
2000,260111,,BRT,BRT奉浦快线,金汇,,,,,tracker,,Done
2000,260112,,BRT,BRT奉浦快线,鲁南路,,,,,tracker,,Done
2000,260113,,BRT,BRT奉浦快线,闵瑞路,,,,,tracker,,Done
2000,260114,,BRT,BRT奉浦快线,沈杜公路,,,,,tracker,,Done
2000,2602,,BRT,BRT奉浦快线,,,,,,tracker,,Done
2000,260201,,BRT,BRT奉浦快线,沈杜公路,,,,,tracker,,Done
2000,260202,,BRT,BRT奉浦快线,闵瑞路,,,,,tracker,,Done
2000,260203,,BRT,BRT奉浦快线,鲁南路,,,,,tracker,,Done
2000,260204,,BRT,BRT奉浦快线,金汇,,,,,tracker,,Done
2000,260205,,BRT,BRT奉浦快线,南行港路,,,,,tracker,,Done
2000,260206,,BRT,BRT奉浦快线,齐贤,,,,,tracker,,Done
2000,260207,,BRT,BRT奉浦快线,金大公路,,,,,tracker,,Done
2000,260208,,BRT,BRT奉浦快线,清朗路,,,,,tracker,,Done
2000,260209,,BRT,BRT奉浦快线,秀竹路,,,,,tracker,,Done
2000,260210,,BRT,BRT奉浦快线,贤浦路,,,,,tracker,,Done
2000,260211,,BRT,BRT奉浦快线,定康路,,,,,tracker,,Done
2000,260212,,BRT,BRT奉浦快线,金海公路,,,,,tracker,,Done
2000,260213,,BRT,BRT奉浦快线,望园路,,,,,tracker,,Done
2000,260214,,BRT,BRT奉浦快线,南桥汽车站,,,,,tracker,,Done
2000,261,,有轨电车,,,,,,,tracker,,Done
2000,2611,,有轨电车,松江有轨电车1号线,,,2019/8/10,,,tracker,,Done
2000,261101,,有轨电车,松江有轨电车1号线,辰塔路,,,,,tracker,,Done
2000,261102,,有轨电车,松江有轨电车1号线,仓华路,,2019/8/10,,,tracker,,Done
2000,261103,,有轨电车,松江有轨电车1号线,三新北路 (东),,2019/8/10,,,tracker,,Done
2000,261104,,有轨电车,松江有轨电车1号线,三新北路 (西),,2019/8/10,,,tracker,,Done
2000,261105,,有轨电车,松江有轨电车1号线,仓汇路,,2019/8/10,,,tracker,,Done
2000,261106,,有轨电车,松江有轨电车1号线,玉树路,,2019/8/10,,,tracker,,Done
2000,261107,,有轨电车,松江有轨电车1号线,荣乐路西林北路,,2019/8/10,,,tracker,,Done
2000,261108,,有轨电车,松江有轨电车1号线,人民北路,,2019/8/10,,,tracker,,Done
2000,261109,,有轨电车,松江有轨电车1号线,松江体育中心,,2019/8/10,,,tracker,,Done
2000,261110,,有轨电车,松江有轨电车1号线,谷阳北路,,2019/8/10,,,tracker,,Done
2000,261111,,有轨电车,松江有轨电车1号线,荣乐路通波塘,,2019/8/10,,,tracker,,Done
2000,261112,,有轨电车,松江有轨电车1号线,方塔北路,,2019/8/10,,,tracker,,Done
2000,261113,,有轨电车,松江有轨电车1号线,松东路,,2019/8/10,,,tracker,,Done
2000,261114,,有轨电车,松江有轨电车1号线,松卫公路,,2019/8/10,,,tracker,,Done
2000,261115,,有轨电车,松江有轨电车1号线,宝胜路,,2019/8/10,,,tracker,,Done
2000,261116,,有轨电车,松江有轨电车1号线,东兴路,,2019/8/10,,,tracker,,Done
2000,261117,,有轨电车,松江有轨电车1号线,联阳路,,2019/8/10,,,tracker,,Done
2000,261118,,有轨电车,松江有轨电车1号线,锦昔路 (西),,2019/8/10,,,tracker,,Done
2000,261119,,有轨电车,松江有轨电车1号线,锦昔路 (东),,2019/8/10,,,tracker,,Done
2000,261120,,有轨电车,松江有轨电车1号线,曹农路,,2019/8/10,,,tracker,,Done
2000,261121,,有轨电车,松江有轨电车1号线,新庙三路,,2019/8/10,,,tracker,,Done
2000,261122,,有轨电车,松江有轨电车1号线,漕河路,,2019/12/30,,,tracker,,Done
2000,261123,,有轨电车,松江有轨电车1号线,新车公路,,2019/12/30,,,tracker,,Done
2000,261124,,有轨电车,松江有轨电车1号线,新镇街,,2019/12/30,,,tracker,,Done
2000,261125,,有轨电车,松江有轨电车1号线,新站路,,2019/12/30,,,tracker,,Done
2000,261126,,有轨电车,松江有轨电车1号线,新桥火车站,,2019/12/30,,,tracker,,Done
2000,2612,,有轨电车,松江有轨电车2号线,,,2018/12/26,,,tracker,,Done
2000,261201,,有轨电车,松江有轨电车2号线,仓华路,,2018/12/26,,,tracker,,Done
2000,261202,,有轨电车,松江有轨电车2号线,三新北路,,2018/12/26,,,tracker,,Done
2000,261203,,有轨电车,松江有轨电车2号线,思贤路,,2018/12/26,,,tracker,,Done
2000,261204,,有轨电车,松江有轨电车2号线,文诚路,,2018/12/26,,,tracker,,Done
2000,261205,,有轨电车,松江有轨电车2号线,泰晤士小镇西,,2018/12/26,,,tracker,,Done
2000,261206,,有轨电车,松江有轨电车2号线,泰晤士小镇北,,2018/12/26,,,tracker,,Done
2000,261207,,有轨电车,松江有轨电车2号线,龙源路,,2018/12/26,,,tracker,,Done
2000,261208,,有轨电车,松江有轨电车2号线,江学路,,2018/12/26,,,tracker,,Done
2000,261209,,有轨电车,松江有轨电车2号线,新松江路西林北路,,2018/12/26,,,tracker,,Done
2000,261210,,有轨电车,松江有轨电车2号线,人民北路新松江路,,2018/12/26,,,tracker,,Done
2000,261211,,有轨电车,松江有轨电车2号线,文汇路,,2018/12/26,,,tracker,,Done
2000,261212,,有轨电车,松江有轨电车2号线,梅家浜路,,2018/12/26,,,tracker,,Done
2000,261213,,有轨电车,松江有轨电车2号线,广富林路 (东华大学),,2018/12/26,,,tracker,,Done
2000,261214,,有轨电车,松江有轨电车2号线,龙马路,,2018/12/26,,,tracker,,Done
2000,261215,,有轨电车,松江有轨电车2号线,广富林路谷阳北路,,2018/12/26,,,tracker,,Done
2000,261216,,有轨电车,松江有轨电车2号线,光星路,,2018/12/26,,,tracker,,Done
2000,261217,,有轨电车,松江有轨电车2号线,茸宁路,,2018/12/26,,,tracker,,Done
2000,261218,,有轨电车,松江有轨电车2号线,茸惠路,,2018/12/26,,,tracker,,Done
2000,261219,,有轨电车,松江有轨电车2号线,中辰路,,2018/12/26,,,tracker,,Done
2000,261220,,有轨电车,松江有轨电车2号线,徐塘路,,2019/8/10,,,tracker,,Done
2000,261221,,有轨电车,松江有轨电车2号线,明南路,,2019/8/10,,,tracker,,Done
2000,261222,,有轨电车,松江有轨电车2号线,江田东路,,2019/8/10,,,tracker,,Done
2000,261223,,有轨电车,松江有轨电车2号线,松江大学城,,2018/12/26,,,tracker,,Done
2000,261224,,有轨电车,松江有轨电车2号线,锦昔路,,2019/8/10,,,tracker,,Done
2000,30,,轮渡,,,,,,,tracker,,Done
2000,3030,,轮渡,,,,,,,tracker,,Done
2000,30300130,,轮渡,杨复线,复兴东路渡口,,,,,admin,,Done
2000,30300201,,轮渡,东复线,东昌路渡口,,,,,admin,,Done
2000,32,,购物,,,,,,,tracker,,Done
2000,41,,出租车,,,,,,,tracker,,Done
2000,51,,高速公路,,,,,,,tracker,,Done
2000,52,,停车场,,,,,,,tracker,,Done
2000,62,,定制公交,,,,,,,tracker,,Done
2000,63,,加油站,,,,,,,tracker,,Done
2000,64,,便利店,,,,,,,tracker,,Done
2000,74,,磁浮,磁浮线,,,,,,tracker,,Done
2000,7490,,磁浮,磁浮线,,,2006/4/27,,2024/9/21,tracker,,Done
2000,749001,,磁浮,磁浮线,浦东国际机场,,2006/4/27,,,tracker,,Done
2000,749001,,磁浮,磁浮线,浦东1号2号航站楼,,2024/9/21,,,admin,,Done
2000,749002,,磁浮,磁浮线,龙阳路,,2006/4/27,,,tracker,,Done
2000,83,,充值,自助充值,,,,,,tracker,,Done
2000,92,,新卡发行,,,,,,,admin,,Done
2000,9299,,充值,发卡预充值,,,,,,admin,,Done
2000,95,,充值,网上充值,,,,,,tracker,,Done
2000,9999,,充值,发卡预充值,,,,,,admin,,Done
2900,,0001,地铁,1号线,,,1993/5/28,,,tracker,,Done
2900,,00010011,地铁,1号线,莘庄,,1996/12/28,,,tracker,,Done
2900,,00010012,地铁,1号线,外环路,,1996/12/28,,,tracker,,Done
2900,,00010013,地铁,1号线,莲花路,,1996/12/28,,,tracker,,Done
2900,,00010014,地铁,1号线,虹梅路,Hongmei Road,1996/12/28,,2001/5/1,admin,,Done
2900,,00010014,地铁,1号线,锦江乐园,Jinjiang Park,1993/5/28,,1996/12/28,admin,,Done
2900,,00010014,地铁,1号线,锦江乐园,Jinjiang Park,2001/5/1,,,tracker,,Done
2900,,00010015,地铁,1号线,新龙华,XIN LONG HUA,1993/5/28,,1999/12/28,admin,,Done
2900,,00010015,地铁,1号线,上海南站,,1999/12/28,,,tracker,,Done
2900,,00010016,地铁,1号线,漕宝路,,1993/5/28,,,tracker,,Done
2900,,00010017,地铁,1号线,上海体育馆,,1993/5/28,,,tracker,,Done
2900,,00010018,地铁,1号线,徐家汇,,1993/5/28,,,tracker,,Done
2900,,00010019,地铁,1号线,衡山路,,1995/4/10,,,tracker,,Done
2900,,00010020,地铁,1号线,常熟路,,1995/4/10,,,tracker,,Done
2900,,00010021,地铁,1号线,陕西南路,,1995/4/10,,,tracker,,Done
2900,,00010022,地铁,1号线,黄陂南路,,1995/4/10,,,tracker,,Done
2900,,00010023,地铁,1号线,人民广场,,1995/4/10,,,tracker,,Done
2900,,00010024,地铁,1号线,新闸路,,1995/4/10,,,tracker,,Done
2900,,00010025,地铁,1号线,汉中路,,1995/4/10,,,tracker,,Done
2900,,00010026,地铁,1号线,上海火车站,,1995/4/10,,,tracker,,Done
2900,,00010027,地铁,1号线,中山北路,,2004/12/28,,,tracker,,Done
2900,,00010028,地铁,1号线,延长路,,2004/12/28,,,tracker,,Done
2900,,00010029,地铁,1号线,上海马戏城,,2004/12/28,,,tracker,,Done
2900,,00010030,地铁,1号线,汶水路,,2004/12/28,,,tracker,,Done
2900,,00010031,地铁,1号线,彭浦新村,,2004/12/28,,,tracker,,Done
2900,,00010032,地铁,1号线,共康路,,2004/12/28,,,tracker,,Done
2900,,00010033,地铁,1号线,通河新村,,2004/12/28,,,tracker,,Done
2900,,00010034,地铁,1号线,呼兰路,,2004/12/28,,,tracker,,Done
2900,,00010035,地铁,1号线,共富新村,,2004/12/28,,,tracker,,Done
2900,,00010036,地铁,1号线,宝安公路,,2007/12/29,,,tracker,,Done
2900,,00010037,地铁,1号线,友谊西路,,2007/12/29,,,tracker,,Done
2900,,00010038,地铁,1号线,富锦路,,2007/12/29,,,tracker,,Done
2900,,0002,地铁,2号线,,,2000/6/11,,,tracker,,Done
2900,,00020034,地铁,2号线,徐泾东,East Xujing,2010/3/16,,2024/9/21,tracker,,Done
2900,,00020034,地铁,2号线,国家会展中心,National Exhibition and Convention Center,2024/9/21,,,admin,,Done
2900,,00020035,地铁,2号线,虹桥火车站,,2010/7/1,,,tracker,,Done
2900,,00020036,地铁,2号线,虹桥2号航站楼,,2010/3/16,,,tracker,,Done
2900,,00020037,地铁,2号线,淞虹路,,2006/12/30,,,tracker,,Done
2900,,00020038,地铁,2号线,北新泾,,2006/12/30,,,tracker,,Done
2900,,00020039,地铁,2号线,威宁路,,2006/12/30,,,tracker,,Done
2900,,00020040,地铁,2号线,娄山关路,,2006/12/30,,,tracker,,Done
2900,,00020041,地铁,2号线,中山公园,,2000/6/11,,,tracker,,Done
2900,,00020042,地铁,2号线,江苏路,,2000/6/11,,,tracker,,Done
2900,,00020043,地铁,2号线,静安寺,,2000/6/11,,,tracker,,Done
2900,,00020044,地铁,2号线,石门一路,Shimengyi Road,2000/6/11,,2006/10/19,admin,,Done
2900,,00020044,地铁,2号线,南京西路,,2006/10/19,,,tracker,,Done
2900,,00020045,地铁,2号线,人民公园,People's Park,2000/6/11,,2000/8/10,admin,,Done
2900,,00020045,地铁,2号线,人民广场,,2000/8/10,,,tracker,,Done
2900,,00020046,地铁,2号线,河南中路,Middle He'nan Road,2000/6/11,,2006/10/19,admin,,Done
2900,,00020046,地铁,2号线,南京东路,,2006/10/19,,,tracker,,Done
2900,,00020047,地铁,2号线,陆家嘴,,2000/6/11,,,tracker,,Done
2900,,00020048,地铁,2号线,东昌路,Dongchang Road,2000/6/11,,2024/9/21,tracker,,Done
2900,,00020048,地铁,2号线,浦东南路,South Pudong Road,2024/9/21,,,admin,,Done
2900,,00020049,地铁,2号线,东方路,Dongfang Road,2000/6/11,,2006/10/28,admin,,Done
2900,,00020049,地铁,2号线,世纪大道,,2006/10/28,,,tracker,,Done
2900,,00020050,地铁,2号线,杨高南路,South Yanggao Road,2000/6/11,,2002/12/12,admin,,Done
2900,,00020050,地铁,2号线,上海科技馆,,2002/12/12,,,tracker,,Done
2900,,00020051,地铁,2号线,世纪公园,,2000/6/11,,,tracker,,Done
2900,,00020052,地铁,2号线,龙阳路,,2000/6/11,,,tracker,,Done
2900,,00020053,地铁,2号线,张江高科,,2000/12/26,,,tracker,,Done
2900,,00020054,地铁,2号线,金科路,,2010/2/24,,,tracker,,Done
2900,,00020055,地铁,2号线,广兰路,,2010/2/24,,,tracker,,Done
2900,,00020056,地铁,2号线,唐镇,,2010/4/8,,,tracker,,Done
2900,,00020057,地铁,2号线,创新中路,,2010/4/8,,,tracker,,Done
2900,,00020058,地铁,2号线,华夏东路,,2010/4/8,,,tracker,,Done
2900,,00020059,地铁,2号线,川沙,,2010/4/8,,,tracker,,Done
2900,,00020060,地铁,2号线,凌空路,,2010/4/8,,,tracker,,Done
2900,,00020061,地铁,2号线,远东大道,,2010/4/8,,,tracker,,Done
2900,,00020062,地铁,2号线,海天三路,,2010/4/8,,,tracker,,Done
2900,,00020063,地铁,2号线,浦东国际机场,Pudong International Airport,2010/4/8,,2024/9/21,tracker,,Done
2900,,00020063,地铁,2号线,浦东1号2号航站楼,Pudong Airport Terminal 1 & 2,2024/9/21,,,admin,,Done
2900,,0003,地铁,3号线,,,2000/12/26,,,tracker,,Done
2900,,00030011,地铁,3号线,上海南站,,2000/12/26,,,tracker,,Done
2900,,00030012,地铁,3号线,石龙路,,2000/12/26,,,tracker,,Done
2900,,00030013,地铁,3号线,龙漕路,,2000/12/26,,,tracker,,Done
2900,,00030014,地铁,3号线,漕溪路,,2000/12/26,,,tracker,,Done
2900,,00030015,地铁,3号线,宜山路,,2000/12/26,,,tracker,,Done
2900,,00030016,地铁,3号线,虹桥路,,2000/12/26,,,tracker,,Done
2900,,00030017,地铁,3号线,延安西路,,2000/12/26,,,tracker,,Done
2900,,00030018,地铁,3号线,中山公园,,2000/12/26,,,tracker,,Done
2900,,00030019,地铁,3号线,金沙江路,,2000/12/26,,,tracker,,Done
2900,,00030020,地铁,3号线,曹杨路,,2000/12/26,,,tracker,,Done
2900,,00030021,地铁,3号线,镇坪路,,2000/12/26,,,tracker,,Done
2900,,00030022,地铁,3号线,中潭路,,2000/12/26,,,tracker,,Done
2900,,00030023,地铁,3号线,上海站,,2000/12/26,,2008/6/1,admin,,Done
2900,,00030023,地铁,3号线,上海火车站,,2008/6/1,,,tracker,,Done
2900,,00030024,地铁,3号线,宝山路,,2000/12/26,,,tracker,,Done
2900,,00030025,地铁,3号线,东宝兴路,,2000/12/26,,,tracker,,Done
2900,,00030026,地铁,3号线,虹口足球场,,2000/12/26,,,tracker,,Done
2900,,00030027,地铁,3号线,赤峰路,,2000/12/26,,,tracker,,Done
2900,,00030028,地铁,3号线,汶水东路,East Wenshui Road,2000/12/26,,2006/10/19,admin,,Done
2900,,00030028,地铁,3号线,大柏树,Dabaishu,2006/10/19,,,tracker,,Done
2900,,00030029,地铁,3号线,江湾镇,,2000/12/26,,,tracker,,Done
2900,,00030030,地铁,3号线,殷高西路,,2006/12/18,,,tracker,,Done
2900,,00030031,地铁,3号线,长江南路,,2006/12/18,,,tracker,,Done
2900,,00030032,地铁,3号线,淞发路,,2006/12/18,,,tracker,,Done
2900,,00030033,地铁,3号线,张华浜,,2006/12/18,,,tracker,,Done
2900,,00030034,地铁,3号线,淞滨路,,2006/12/18,,,tracker,,Done
2900,,00030035,地铁,3号线,水产路,,2006/12/18,,,tracker,,Done
2900,,00030036,地铁,3号线,宝杨路,,2006/12/18,,,tracker,,Done
2900,,00030037,地铁,3号线,友谊路,,2006/12/18,,,tracker,,Done
2900,,00030038,地铁,3号线,铁力路,,2006/12/18,,,tracker,,Done
2900,,00030039,地铁,3号线,江杨北路,,2006/12/18,,,tracker,,Done
2900,,0004,地铁,4号线,,,2005/12/31,,,tracker,,Done
2900,,00040001,地铁,4号线,上海体育馆,,2005/12/31,,,tracker,,Done
2900,,00040002,地铁,4号线,宜山路,,2005/12/31,,,tracker,,Done
2900,,00040003,地铁,4号线,虹桥路,,2005/12/31,,,tracker,,Done
2900,,00040004,地铁,4号线,延安西路,,2005/12/31,,,tracker,,Done
2900,,00040005,地铁,4号线,中山公园,,2005/12/31,,,tracker,,Done
2900,,00040006,地铁,4号线,金沙江路,,2005/12/31,,,tracker,,Done
2900,,00040007,地铁,4号线,曹杨路,,2005/12/31,,,tracker,,Done
2900,,00040008,地铁,4号线,镇坪路,,2005/12/31,,,tracker,,Done
2900,,00040009,地铁,4号线,中潭路,,2005/12/31,,,tracker,,Done
2900,,00040010,地铁,4号线,上海站,,2005/12/31,,2008/6/1,admin,,Done
2900,,00040010,地铁,4号线,上海火车站,,2008/6/1,,,tracker,,Done
2900,,00040011,地铁,4号线,宝山路,,2005/12/31,,,tracker,,Done
2900,,00040012,地铁,4号线,海伦路,,2005/12/31,,,tracker,,Done
2900,,00040013,地铁,4号线,临平路,,2005/12/31,,,tracker,,Done
2900,,00040014,地铁,4号线,大连路,,2005/12/31,,,tracker,,Done
2900,,00040015,地铁,4号线,杨树浦路,,2005/12/31,,,tracker,,Done
2900,,00040016,地铁,4号线,浦东大道,,2005/12/31,,,tracker,,Done
2900,,00040017,地铁,4号线,世纪大道,,2006/10/28,,,tracker,,Done
2900,,00040018,地铁,4号线,浦电路,Pudian Road,2005/12/31,,2024/9/21,tracker,,Done
2900,,00040018,地铁,4号线,向城路,Xiangcheng Road,2024/9/21,,,admin,,Done
2900,,00040019,地铁,4号线,蓝村路,,2005/12/31,,,tracker,,Done
2900,,00040020,地铁,4号线,塘桥,,2007/12/29,,,tracker,,Done
2900,,00040021,地铁,4号线,南浦大桥,,2007/12/29,,,tracker,,Done
2900,,00040022,地铁,4号线,西藏南路,,2007/12/29,,,tracker,,Done
2900,,00040023,地铁,4号线,鲁班路,,2007/12/29,,,tracker,,Done
2900,,00040024,地铁,4号线,大木桥路,,2005/12/31,,,tracker,,Done
2900,,00040025,地铁,4号线,东安路,,2005/12/31,,,tracker,,Done
2900,,00040026,地铁,4号线,上海体育场,,2005/12/31,,,tracker,,Done
2900,,0005,地铁,5号线,,,2003/11/25,,,tracker,,Done
2900,,00050001,地铁,5号线,莘庄,,2003/11/25,,,tracker,,Done
2900,,00050002,地铁,5号线,春申路,,2003/11/25,,,tracker,,Done
2900,,00050003,地铁,5号线,银都路,,2003/11/25,,,tracker,,Done
2900,,00050005,地铁,5号线,颛桥,,2003/11/25,,,tracker,,Done
2900,,00050007,地铁,5号线,北桥,,2003/11/25,,,tracker,,Done
2900,,00050008,地铁,5号线,剑川路,,2003/11/25,,,tracker,,Done
2900,,00050009,地铁,5号线,东川路,,2003/11/25,,,tracker,,Done
2900,,00050010,地铁,5号线,金平路,,2003/11/25,,,tracker,,Done
2900,,00050011,地铁,5号线,华宁路,,2003/11/25,,,tracker,,Done
2900,,00050012,地铁,5号线,文井路,,2003/11/25,,,tracker,,Done
2900,,00050013,地铁,5号线,闵行开发区,,2003/11/25,,,tracker,,Done
2900,,00050031,地铁,5号线,江川路,,2018/12/30,,,tracker,,Done
2900,,00050032,地铁,5号线,西渡,,2018/12/30,,,tracker,,Done
2900,,00050033,地铁,5号线,萧塘,,2018/12/30,,,tracker,,Done
2900,,00050034,地铁,5号线,奉浦大道,,2018/12/30,,,tracker,,Done
2900,,00050035,地铁,5号线,环城东路,,2018/12/30,,,tracker,,Done
2900,,00050036,地铁,5号线,望园路,,2018/12/30,,,tracker,,Done
2900,,00050037,地铁,5号线,金海湖,,2018/12/30,,,tracker,,Done
2900,,00050038,地铁,5号线,奉贤新城,,2018/12/30,,,tracker,,Done
2900,,0006,地铁,6号线,,,2007/12/29,,,tracker,,Done
2900,,00060021,地铁,6号线,济阳路,Jiyang Road,2011/4/12,,2011/5/7,admin,,Done
2900,,00060021,地铁,6号线,东方体育中心,,2011/5/7,,,tracker,,Done
2900,,00060022,地铁,6号线,灵岩南路,,2007/12/29,,,tracker,,Done
2900,,00060023,地铁,6号线,上南路,,2007/12/29,,,tracker,,Done
2900,,00060024,地铁,6号线,华夏西路,,2007/12/29,,,tracker,,Done
2900,,00060025,地铁,6号线,高青路,,2007/12/29,,,tracker,,Done
2900,,00060026,地铁,6号线,东明路,,2007/12/29,,,tracker,,Done
2900,,00060027,地铁,6号线,高科西路,,2007/12/29,,,tracker,,Done
2900,,00060028,地铁,6号线,临沂新村,,2007/12/29,,,tracker,,Done
2900,,00060029,地铁,6号线,上海儿童医学中心,,2007/12/29,,,tracker,,Done
2900,,00060030,地铁,6号线,蓝村路,,2007/12/29,,,tracker,,Done
2900,,00060031,地铁,6号线,浦电路,,2007/12/29,,,tracker,,Done
2900,,00060032,地铁,6号线,世纪大道,,2007/12/29,,,tracker,,Done
2900,,00060033,地铁,6号线,源深体育中心,Yuanshen Stadium,2007/12/29,,2024/9/21,tracker,,Done
2900,,00060033,地铁,6号线,源深体育中心,Yuanshen Sports Center,2024/9/21,,,admin,,Done
2900,,00060034,地铁,6号线,民生路,,2007/12/29,,,tracker,,Done
2900,,00060035,地铁,6号线,北洋泾路,,2007/12/29,,,tracker,,Done
2900,,00060036,地铁,6号线,德平路,,2007/12/29,,,tracker,,Done
2900,,00060037,地铁,6号线,云山路,,2007/12/29,,,tracker,,Done
2900,,00060038,地铁,6号线,金桥路,,2007/12/29,,,tracker,,Done
2900,,00060039,地铁,6号线,博兴路,,2007/12/29,,,tracker,,Done
2900,,00060040,地铁,6号线,五莲路,,2007/12/29,,,tracker,,Done
2900,,00060041,地铁,6号线,巨峰路,,2007/12/29,,,tracker,,Done
2900,,00060042,地铁,6号线,东靖路,,2007/12/29,,,tracker,,Done
2900,,00060043,地铁,6号线,五洲大道,,2007/12/29,,,tracker,,Done
2900,,00060044,地铁,6号线,洲海路,,2007/12/29,,,tracker,,Done
2900,,00060045,地铁,6号线,外高桥保税区南,,2007/12/29,,,tracker,,Done
2900,,00060046,地铁,6号线,航津路,,2007/12/29,,,tracker,,Done
2900,,00060047,地铁,6号线,外高桥保税区北,,2007/12/29,,,tracker,,Done
2900,,00060048,地铁,6号线,港城路,,2007/12/29,,,tracker,,Done
2900,,0007,地铁,7号线,,,2009/12/5,,,tracker,,Done
2900,,00070021,地铁,7号线,美兰湖,,2010/12/28,,,tracker,,Done
2900,,00070022,地铁,7号线,罗南新村,,2010/12/28,,,tracker,,Done
2900,,00070023,地铁,7号线,潘广路,,2011/6/30,,,tracker,,Done
2900,,00070024,地铁,7号线,刘行,,2011/6/30,,,tracker,,Done
2900,,00070025,地铁,7号线,顾村公园,,2010/12/28,,,tracker,,Done
2900,,00070026,地铁,7号线,祁华路,,2014/7/22,,,tracker,,Done
2900,,00070027,地铁,7号线,上海大学,,2009/12/5,,,tracker,,Done
2900,,00070028,地铁,7号线,南陈路,,2009/12/5,,,tracker,,Done
2900,,00070029,地铁,7号线,上大路,,2009/12/5,,,tracker,,Done
2900,,00070030,地铁,7号线,场中路,,2009/12/5,,,tracker,,Done
2900,,00070031,地铁,7号线,大场镇,,2009/12/5,,,tracker,,Done
2900,,00070032,地铁,7号线,行知路,,2009/12/5,,,tracker,,Done
2900,,00070033,地铁,7号线,大华三路,,2009/12/5,,,tracker,,Done
2900,,00070034,地铁,7号线,新村路,,2009/12/5,,,tracker,,Done
2900,,00070035,地铁,7号线,岚皋路,,2009/12/5,,,tracker,,Done
2900,,00070036,地铁,7号线,镇坪路,,2009/12/5,,,tracker,,Done
2900,,00070037,地铁,7号线,长寿路,,2009/12/5,,,tracker,,Done
2900,,00070038,地铁,7号线,昌平路,,2009/12/5,,,tracker,,Done
2900,,00070039,地铁,7号线,静安寺,,2009/12/5,,,tracker,,Done
2900,,00070040,地铁,7号线,常熟路,,2009/12/5,,,tracker,,Done
2900,,00070041,地铁,7号线,肇嘉浜路,,2009/12/5,,,tracker,,Done
2900,,00070042,地铁,7号线,东安路,,2009/12/5,,,tracker,,Done
2900,,00070043,地铁,7号线,船厂路,,2009/12/5,,2012/12/24,admin,,Done
2900,,00070043,地铁,7号线,龙华中路,,2012/12/24,,,tracker,,Done
2900,,00070044,地铁,7号线,后滩,,2010/4/20,,,tracker,,Done
2900,,00070045,地铁,7号线,长清路,,2009/12/5,,,tracker,,Done
2900,,00070046,地铁,7号线,耀华路,,2009/12/5,,,tracker,,Done
2900,,00070047,地铁,7号线,云台路,,2009/12/5,,,tracker,,Done
2900,,00070048,地铁,7号线,高科西路,,2009/12/5,,,tracker,,Done
2900,,00070049,地铁,7号线,杨高南路,,2009/12/5,,,tracker,,Done
2900,,00070050,地铁,7号线,锦绣路,,2009/12/5,,,tracker,,Done
2900,,00070051,地铁,7号线,芳华路,,2009/12/5,,,tracker,,Done
2900,,00070052,地铁,7号线,龙阳路,,2009/12/5,,,tracker,,Done
2900,,00070053,地铁,7号线,花木路,,2009/12/5,,,tracker,,Done
2900,,0008,地铁,8号线,,,2007/12/29,,,tracker,,Done
2900,,00080015,地铁,浦江线,汇臻路,,2018/3/31,,,tracker,,Done
2900,,00080016,地铁,浦江线,东城一路,,2018/3/31,,,tracker,,Done
2900,,00080017,地铁,浦江线,浦航路,,2018/3/31,,,tracker,,Done
2900,,00080018,地铁,浦江线,闵瑞路,,2018/3/31,,,tracker,,Done
2900,,00080019,地铁,浦江线,三鲁公路,,2018/3/31,,,tracker,,Done
2900,,00080020,地铁,浦江线,沈杜公路,,2018/3/31,,,admin,,Done
2900,,00080020,地铁,8号线,航天博物馆,Aerospace Museum,2009/7/5,,2013/8/31,admin,,Done
2900,,00080020,地铁,8号线,沈杜公路,,2013/8/31,,,tracker,,Done
2900,,00080021,地铁,8号线,联航路,,2009/7/5,,,tracker,,Done
2900,,00080022,地铁,8号线,江月路,,2009/7/5,,,tracker,,Done
2900,,00080023,地铁,8号线,浦江镇,,2009/7/5,,,tracker,,Done
2900,,00080024,地铁,8号线,芦恒路,,2009/7/5,,,tracker,,Done
2900,,00080025,地铁,8号线,凌兆新村,,2009/7/5,,,tracker,,Done
2900,,00080026,地铁,8号线,济阳路,,2011/4/12,,2011/5/7,admin,,Done
2900,,00080026,地铁,8号线,东方体育中心,,2011/5/7,,,tracker,,Done
2900,,00080027,地铁,8号线,杨思,,2009/7/5,,,tracker,,Done
2900,,00080028,地铁,8号线,成山路,,2009/7/5,,,tracker,,Done
2900,,00080029,地铁,8号线,耀华路,,2007/12/29,,,tracker,,Done
2900,,00080030,地铁,8号线,中华艺术宫,,2012/9/28,,,tracker,,Done
2900,,00080031,地铁,8号线,西藏南路,,2007/12/29,,,tracker,,Done
2900,,00080032,地铁,8号线,陆家浜路,,2007/12/29,,,tracker,,Done
2900,,00080033,地铁,8号线,老西门,,2007/12/29,,,tracker,,Done
2900,,00080034,地铁,8号线,大世界,,2007/12/29,,,tracker,,Done
2900,,00080035,地铁,8号线,人民广场,,2007/12/29,,,tracker,,Done
2900,,00080036,地铁,8号线,曲阜路,,2007/12/29,,,tracker,,Done
2900,,00080037,地铁,8号线,中兴路,,2007/12/29,,,tracker,,Done
2900,,00080038,地铁,8号线,西藏北路,,2007/12/29,,,tracker,,Done
2900,,00080039,地铁,8号线,虹口足球场,,2007/12/29,,,tracker,,Done
2900,,00080040,地铁,8号线,曲阳路,,2007/12/29,,,tracker,,Done
2900,,00080041,地铁,8号线,四平路,,2007/12/29,,,tracker,,Done
2900,,00080042,地铁,8号线,鞍山新村,,2007/12/29,,,tracker,,Done
2900,,00080043,地铁,8号线,江浦路,,2007/12/29,,,tracker,,Done
2900,,00080044,地铁,8号线,黄兴路,,2007/12/29,,,tracker,,Done
2900,,00080045,地铁,8号线,延吉中路,,2007/12/29,,,tracker,,Done
2900,,00080046,地铁,8号线,黄兴公园,,2007/12/29,,,tracker,,Done
2900,,00080047,地铁,8号线,翔殷路,,2007/12/29,,,tracker,,Done
2900,,00080048,地铁,8号线,嫩江路,,2007/12/29,,,tracker,,Done
2900,,00080049,地铁,8号线,市光路,,2007/12/29,,,tracker,,Done
2900,,0009,地铁,9号线,,,2007/12/29,,,tracker,,Done
2900,,00090018,地铁,9号线,松江南站,,2012/12/30,,2024/9/21,tracker,,Done
2900,,00090018,地铁,9号线,上海松江站,Shanghai Songjiang Railway Station,2024/9/21,,,admin,,Done
2900,,00090019,地铁,9号线,醉白池,,2012/12/30,,,tracker,,Done
2900,,00090020,地铁,9号线,松江体育中心,,2012/12/30,,,tracker,,Done
2900,,00090021,地铁,9号线,松江新城,,2007/12/29,,,tracker,,Done
2900,,00090022,地铁,9号线,松江大学城,,2007/12/29,,,tracker,,Done
2900,,00090023,地铁,9号线,洞泾,,2007/12/29,,,tracker,,Done
2900,,00090024,地铁,9号线,佘山,,2007/12/29,,,tracker,,Done
2900,,00090025,地铁,9号线,泗泾,,2007/12/29,,,tracker,,Done
2900,,00090026,地铁,9号线,九亭,,2007/12/29,,,tracker,,Done
2900,,00090027,地铁,9号线,中春路,,2007/12/29,,,tracker,,Done
2900,,00090028,地铁,9号线,七宝,,2007/12/29,,,tracker,,Done
2900,,00090029,地铁,9号线,星中路,,2007/12/29,,,tracker,,Done
2900,,00090030,地铁,9号线,合川路,,2007/12/29,,,tracker,,Done
2900,,00090031,地铁,9号线,漕河泾开发区,,2007/12/29,,,tracker,,Done
2900,,00090032,地铁,9号线,桂林路,,2007/12/29,,,tracker,,Done
2900,,00090033,地铁,9号线,宜山路,,2008/12/28,,,tracker,,Done
2900,,00090034,地铁,9号线,徐家汇,,2009/12/31,,,tracker,,Done
2900,,00090035,地铁,9号线,肇嘉浜路,,2009/12/31,,,tracker,,Done
2900,,00090036,地铁,9号线,嘉善路,,2009/12/31,,,tracker,,Done
2900,,00090037,地铁,9号线,打浦桥,,2009/12/31,,,tracker,,Done
2900,,00090038,地铁,9号线,马当路,,2009/12/31,,,tracker,,Done
2900,,00090039,地铁,9号线,陆家浜路,,2009/12/31,,,tracker,,Done
2900,,00090040,地铁,9号线,小南门,,2009/12/31,,,tracker,,Done
2900,,00090041,地铁,9号线,商城路,,2009/12/31,,,tracker,,Done
2900,,00090042,地铁,9号线,世纪大道,,2009/12/31,,,tracker,,Done
2900,,00090043,地铁,9号线,杨高中路,,2010/4/7,,,tracker,,Done
2900,,00090044,地铁,9号线,芳甸路,,2017/12/30,,,tracker,,Done
2900,,00090045,地铁,9号线,蓝天路,,2017/12/30,,,tracker,,Done
2900,,00090046,地铁,9号线,台儿庄路,,2017/12/30,,,tracker,,Done
2900,,00090047,地铁,9号线,金桥,,2017/12/30,,,tracker,,Done
2900,,00090048,地铁,9号线,金吉路,,2017/12/30,,,tracker,,Done
2900,,00090049,地铁,9号线,金海路,,2017/12/30,,,tracker,,Done
2900,,00090050,地铁,9号线,顾唐路,,2017/12/30,,,tracker,,Done
2900,,00090051,地铁,9号线,民雷路,,2017/12/30,,,tracker,,Done
2900,,00090052,地铁,9号线,曹路,,2017/12/30,,,tracker,,Done
2900,,0010,地铁,10号线,,,2010/4/10,,,tracker,,Done
2900,,00100018,地铁,10号线,航中路,,2010/4/10,,,tracker,,Done
2900,,00100019,地铁,10号线,紫藤路,,2010/4/10,,,tracker,,Done
2900,,00100020,地铁,10号线,龙柏新村,,2010/4/10,,,tracker,,Done
2900,,00100041,地铁,10号线,虹桥火车站,,2010/11/28,,,tracker,,Done
2900,,00100042,地铁,10号线,虹桥2号航站楼,,2010/11/28,,,tracker,,Done
2900,,00100043,地铁,10号线,虹桥1号航站楼,,2010/11/28,,,tracker,,Done
2900,,00100044,地铁,10号线,上海动物园,,2010/11/28,,,tracker,,Done
2900,,00100045,地铁,10号线,龙溪路,,2010/4/10,,,tracker,,Done
2900,,00100046,地铁,10号线,水城路,,2010/4/10,,,tracker,,Done
2900,,00100047,地铁,10号线,伊犁路,,2010/4/10,,,tracker,,Done
2900,,00100048,地铁,10号线,宋园路,,2010/4/10,,,tracker,,Done
2900,,00100049,地铁,10号线,虹桥路,,2010/4/10,,,tracker,,Done
2900,,00100050,地铁,10号线,交通大学,,2010/4/10,,,tracker,,Done
2900,,00100051,地铁,10号线,上海图书馆,,2010/4/10,,,tracker,,Done
2900,,00100052,地铁,10号线,陕西南路,,2010/4/10,,,tracker,,Done
2900,,00100053,地铁,10号线,新天地,,2010/4/10,,,tracker,,Done
2900,,00100054,地铁,10号线,老西门,,2010/4/10,,,tracker,,Done
2900,,00100055,地铁,10号线,豫园,,2010/4/10,,,tracker,,Done
2900,,00100056,地铁,10号线,南京东路,,2010/4/10,,,tracker,,Done
2900,,00100057,地铁,10号线,天潼路,,2010/4/10,,,tracker,,Done
2900,,00100058,地铁,10号线,四川北路,,2010/4/10,,,tracker,,Done
2900,,00100059,地铁,10号线,海伦路,,2010/4/10,,,tracker,,Done
2900,,00100060,地铁,10号线,邮电新村,,2010/4/10,,,tracker,,Done
2900,,00100061,地铁,10号线,四平路,,2010/4/10,,,tracker,,Done
2900,,00100062,地铁,10号线,同济大学,,2010/4/10,,,tracker,,Done
2900,,00100063,地铁,10号线,国权路,,2010/4/10,,,tracker,,Done
2900,,00100064,地铁,10号线,五角场,,2010/4/10,,,tracker,,Done
2900,,00100065,地铁,10号线,江湾体育场,,2010/4/10,,,tracker,,Done
2900,,00100066,地铁,10号线,三门路,,2010/4/10,,,tracker,,Done
2900,,00100067,地铁,10号线,殷高东路,,2010/4/10,,,tracker,,Done
2900,,00100068,地铁,10号线,新江湾城,,2010/4/10,,,tracker,,Done
2900,,00100069,地铁,10号线,国帆路,,2020/12/26,,,tracker,,Done
2900,,00100070,地铁,10号线,双江路,,2020/12/26,,,tracker,,Done
2900,,00100071,地铁,10号线,高桥西,,2020/12/26,,,tracker,,Done
2900,,00100072,地铁,10号线,高桥,,2020/12/26,,,tracker,,Done
2900,,00100073,地铁,10号线,港城路,,2020/12/26,,,tracker,,Done
2900,,00100074,地铁,10号线,基隆路,,2020/12/26,,,tracker,,Done
2900,,0011,地铁,11号线,,,2009/12/31,,,tracker,,Done
2900,,00110014,地铁,11号线,花桥,,2013/10/16,,,tracker,,Done
2900,,00110015,地铁,11号线,光明路,,2013/10/16,,,tracker,,Done
2900,,00110016,地铁,11号线,兆丰路,,2013/10/16,,,tracker,,Done
2900,,00110017,地铁,11号线,安亭,,2010/3/29,,,tracker,,Done
2900,,00110018,地铁,11号线,上海汽车城,,2010/3/29,,,tracker,,Done
2900,,00110019,地铁,11号线,昌吉东路,,2011/4/26,,,tracker,,Done
2900,,00110020,地铁,11号线,上海赛车场,,2010/3/29,,,tracker,,Done
2900,,00110031,地铁,11号线,嘉定北,,2009/12/31,,,tracker,,Done
2900,,00110032,地铁,11号线,嘉定西,,2009/12/31,,,tracker,,Done
2900,,00110033,地铁,11号线,白银路,,2009/12/31,,,tracker,,Done
2900,,00110034,地铁,11号线,嘉定新城,,2009/12/31,,,tracker,,Done
2900,,00110035,地铁,11号线,马陆,,2009/12/31,,,tracker,,Done
2900,,00110036,地铁,11号线,陈翔公路,,2020/8/25,,,tracker,,Done
2900,,00110037,地铁,11号线,南翔,,2009/12/31,,,tracker,,Done
2900,,00110038,地铁,11号线,桃浦新村,,2009/12/31,,,tracker,,Done
2900,,00110039,地铁,11号线,武威路,,2009/12/31,,,tracker,,Done
2900,,00110040,地铁,11号线,祁连山路,,2009/12/31,,,tracker,,Done
2900,,00110041,地铁,11号线,李子园,,2009/12/31,,,tracker,,Done
2900,,00110042,地铁,11号线,上海西站,,2009/12/31,,,tracker,,Done
2900,,00110043,地铁,11号线,真如,,2009/12/31,,,tracker,,Done
2900,,00110044,地铁,11号线,枫桥路,,2009/12/31,,,tracker,,Done
2900,,00110045,地铁,11号线,曹杨路,,2009/12/31,,,tracker,,Done
2900,,00110046,地铁,11号线,隆德路,,2009/12/31,,,tracker,,Done
2900,,00110047,地铁,11号线,江苏路,,2009/12/31,,,tracker,,Done
2900,,00110048,地铁,11号线,交通大学,,2013/8/31,,,tracker,,Done
2900,,00110049,地铁,11号线,徐家汇,,2013/8/31,,,tracker,,Done
2900,,00110050,地铁,11号线,上海游泳馆,,2013/8/31,,,tracker,,Done
2900,,00110051,地铁,11号线,龙华,,2013/8/31,,,tracker,,Done
2900,,00110052,地铁,11号线,云锦路,,2013/8/31,,,tracker,,Done
2900,,00110053,地铁,11号线,龙耀路,,2013/8/31,,,tracker,,Done
2900,,00110054,地铁,11号线,东方体育中心,,2013/8/31,,,tracker,,Done
2900,,00110055,地铁,11号线,三林,,2013/8/31,,,tracker,,Done
2900,,00110056,地铁,11号线,三林东,,2013/8/31,,,tracker,,Done
2900,,00110057,地铁,11号线,浦三路,,2013/8/31,,,tracker,,Done
2900,,00110058,地铁,11号线,康安路,Yanyu Road,2013/8/31,,2024/9/28,tracker,,Done
2900,,00110058,地铁,11号线,康恒路,Kangheng Road,2024/9/28,,,admin,,Done
2900,,00110059,地铁,11号线,御桥,,2013/8/31,,,tracker,,Done
2900,,00110060,地铁,11号线,罗山路,,2013/8/31,,,tracker,,Done
2900,,00110061,地铁,11号线,秀沿路,,2015/12/19,,,tracker,,Done
2900,,00110062,地铁,11号线,康新公路,,2015/12/19,,,tracker,,Done
2900,,00110063,地铁,11号线,迪士尼,,2016/4/26,,,tracker,,Done
2900,,0012,地铁,12号线,,,2013/12/29,,,tracker,,Done
2900,,00120020,地铁,12号线,七莘路,,2015/12/19,,,tracker,,Done
2900,,00120021,地铁,12号线,虹莘路,,2015/12/19,,,tracker,,Done
2900,,00120022,地铁,12号线,顾戴路,,2015/12/19,,,tracker,,Done
2900,,00120023,地铁,12号线,东兰路,,2015/12/19,,,tracker,,Done
2900,,00120024,地铁,12号线,虹梅路,,2015/12/19,,,tracker,,Done
2900,,00120025,地铁,12号线,虹漕路,,2015/12/19,,,tracker,,Done
2900,,00120026,地铁,12号线,桂林公园,,2015/12/19,,,tracker,,Done
2900,,00120027,地铁,12号线,漕宝路,,2015/12/19,,,tracker,,Done
2900,,00120028,地铁,12号线,龙漕路,,2015/12/19,,,tracker,,Done
2900,,00120029,地铁,12号线,龙华,,2015/12/19,,,tracker,,Done
2900,,00120030,地铁,12号线,龙华中路,,2015/12/19,,,tracker,,Done
2900,,00120031,地铁,12号线,大木桥路,,2015/12/19,,,tracker,,Done
2900,,00120032,地铁,12号线,嘉善路,,2015/12/19,,,tracker,,Done
2900,,00120033,地铁,12号线,陕西南路,,2015/12/19,,,tracker,,Done
2900,,00120034,地铁,12号线,南京西路,,2015/12/19,,,tracker,,Done
2900,,00120035,地铁,12号线,汉中路,,2015/12/19,,,tracker,,Done
2900,,00120036,地铁,12号线,曲阜路,,2014/5/10,,,tracker,,Done
2900,,00120037,地铁,12号线,天潼路,,2013/12/29,,,tracker,,Done
2900,,00120038,地铁,12号线,国际客运中心,,2013/12/29,,,tracker,,Done
2900,,00120039,地铁,12号线,提篮桥,,2013/12/29,,,tracker,,Done
2900,,00120040,地铁,12号线,大连路,,2013/12/29,,,tracker,,Done
2900,,00120041,地铁,12号线,江浦公园,,2013/12/29,,,tracker,,Done
2900,,00120042,地铁,12号线,宁国路,,2013/12/29,,,tracker,,Done
2900,,00120043,地铁,12号线,隆昌路,,2013/12/29,,,tracker,,Done
2900,,00120044,地铁,12号线,爱国路,,2013/12/29,,,tracker,,Done
2900,,00120045,地铁,12号线,复兴岛,,2013/12/29,,,tracker,,Done
2900,,00120046,地铁,12号线,东陆路,,2013/12/29,,,tracker,,Done
2900,,00120047,地铁,12号线,巨峰路,,2013/12/29,,,tracker,,Done
2900,,00120048,地铁,12号线,杨高北路,,2013/12/29,,,tracker,,Done
2900,,00120049,地铁,12号线,金京路,,2013/12/29,,,tracker,,Done
2900,,00120050,地铁,12号线,申江路,,2013/12/29,,,tracker,,Done
2900,,00120051,地铁,12号线,金海路,,2013/12/29,,,tracker,,Done
2900,,0013,地铁,13号线,,,2012/12/30,,,tracker,,Done
2900,,00130021,地铁,13号线,金运路,,2012/12/30,,,tracker,,Done
2900,,00130022,地铁,13号线,金沙江西路,,2012/12/30,,,tracker,,Done
2900,,00130023,地铁,13号线,丰庄,,2012/12/30,,,tracker,,Done
2900,,00130024,地铁,13号线,祁连山南路,,2013/6/15,,,tracker,,Done
2900,,00130025,地铁,13号线,真北路,,2012/12/30,,,tracker,,Done
2900,,00130026,地铁,13号线,大渡河路,,2014/11/1,,,tracker,,Done
2900,,00130027,地铁,13号线,金沙江路,,2012/12/30,,,tracker,,Done
2900,,00130028,地铁,13号线,隆德路,,2014/12/28,,,tracker,,Done
2900,,00130029,地铁,13号线,武宁路,,2014/12/28,,,tracker,,Done
2900,,00130030,地铁,13号线,长寿路,,2014/12/28,,,tracker,,Done
2900,,00130031,地铁,13号线,江宁路,,2015/12/19,,,tracker,,Done
2900,,00130032,地铁,13号线,汉中路,,2015/12/19,,,tracker,,Done
2900,,00130033,地铁,13号线,自然博物馆,,2015/12/19,,,tracker,,Done
2900,,00130034,地铁,13号线,南京西路,,2015/12/19,,,tracker,,Done
2900,,00130035,地铁,13号线,淮海中路,,2015/12/19,,,tracker,,Done
2900,,00130036,地铁,13号线,新天地,,2015/12/19,,,tracker,,Done
2900,,00130037,地铁,13号线,马当路,,2015/12/19,,,tracker,,Done
2900,,00130038,地铁,13号线,世博会博物馆,,2015/12/19,,,tracker,,Done
2900,,00130039,地铁,13号线,世博大道,,2015/12/19,,,tracker,,Done
2900,,00130040,地铁,13号线,长清路,,2018/12/30,,,tracker,,Done
2900,,00130041,地铁,13号线,成山路,,2018/12/30,,,tracker,,Done
2900,,00130042,地铁,13号线,东明路,,2018/12/30,,,tracker,,Done
2900,,00130043,地铁,13号线,华鹏路,,2018/12/30,,,tracker,,Done
2900,,00130044,地铁,13号线,下南路,,2018/12/30,,,tracker,,Done
2900,,00130045,地铁,13号线,北蔡,,2018/12/30,,,tracker,,Done
2900,,00130046,地铁,13号线,陈春路,,2018/12/30,,,tracker,,Done
2900,,00130047,地铁,13号线,莲溪路,,2018/12/30,,,tracker,,Done
2900,,00130048,地铁,13号线,华夏中路,,2018/12/30,,,tracker,,Done
2900,,00130049,地铁,13号线,中科路,,2018/12/30,,,tracker,,Done
2900,,00130050,地铁,13号线,学林路,,2018/12/30,,,tracker,,Done
2900,,00130051,地铁,13号线,张江路,,2018/12/30,,,tracker,,Done
2900,,0014,地铁,14号线,,,2021/12/30,,,tracker,,Done
2900,,00140021,地铁,14号线,封浜,,2021/12/30,,,tracker,,Done
2900,,00140022,地铁,14号线,乐秀路,,2021/12/30,,,tracker,,Done
2900,,00140023,地铁,14号线,临洮路,,2021/12/30,,,tracker,,Done
2900,,00140024,地铁,14号线,嘉怡路,,2021/12/30,,,tracker,,Done
2900,,00140025,地铁,14号线,定边路,,2021/12/30,,,tracker,,Done
2900,,00140026,地铁,14号线,真新新村,,2021/12/30,,,tracker,,Done
2900,,00140027,地铁,14号线,真光路,,2021/12/30,,,tracker,,Done
2900,,00140028,地铁,14号线,铜川路,,2021/12/30,,,tracker,,Done
2900,,00140029,地铁,14号线,真如,,2021/12/30,,,tracker,,Done
2900,,00140030,地铁,14号线,中宁路,,2021/12/30,,,tracker,,Done
2900,,00140031,地铁,14号线,曹杨路,,2021/12/30,,,tracker,,Done
2900,,00140032,地铁,14号线,武宁路,,2021/12/30,,,tracker,,Done
2900,,00140033,地铁,14号线,武定路,,2021/12/30,,,tracker,,Done
2900,,00140034,地铁,14号线,静安寺,,2021/12/30,,,tracker,,Done
2900,,00140035,地铁,14号线,黄陂南路,,2021/12/30,,,tracker,,Done
2900,,00140036,地铁,14号线,大世界,,2021/12/30,,,tracker,,Done
2900,,00140037,地铁,14号线,豫园,,2021/12/30,,,tracker,,Done
2900,,00140038,地铁,14号线,陆家嘴,,2021/12/30,,,tracker,,Done
2900,,00140039,地铁,14号线,浦东南路,,2021/12/30,,,tracker,,Done
2900,,00140040,地铁,14号线,浦东大道,South Pudong Road,2021/12/30,,,tracker,,Done
2900,,00140041,地铁,14号线,源深路,,2021/12/30,,,tracker,,Done
2900,,00140042,地铁,14号线,昌邑路,,2021/12/30,,,tracker,,Done
2900,,00140043,地铁,14号线,歇浦路,,2021/12/30,,,tracker,,Done
2900,,00140044,地铁,14号线,龙居路,,,,,tracker,,Done
2900,,00140045,地铁,14号线,云山路,,2021/12/30,,,tracker,,Done
2900,,00140046,地铁,14号线,蓝天路,,2021/12/30,,,tracker,,Done
2900,,00140047,地铁,14号线,黄杨路,,2021/12/30,,,tracker,,Done
2900,,00140048,地铁,14号线,云顺路,,2021/12/30,,,tracker,,Done
2900,,00140049,地铁,14号线,浦东足球场,,2021/12/30,,,tracker,,Done
2900,,00140050,地铁,14号线,金粤路,,2021/12/30,,,tracker,,Done
2900,,00140051,地铁,14号线,桂桥路,,2021/12/30,,,tracker,,Done
2900,,0015,地铁,15号线,,,2021/1/23,,,tracker,,Done
2900,,00150021,地铁,15号线,紫竹高新区,,2021/1/23,,,tracker,,Done
2900,,00150022,地铁,15号线,永德路,,2021/1/23,,,tracker,,Done
2900,,00150023,地铁,15号线,元江路,,2021/1/23,,,tracker,,Done
2900,,00150024,地铁,15号线,双柏路,,2021/1/23,,,tracker,,Done
2900,,00150025,地铁,15号线,曙建路,,2021/1/23,,,tracker,,Done
2900,,00150026,地铁,15号线,景西路,,2021/1/23,,,tracker,,Done
2900,,00150027,地铁,15号线,虹梅南路,,2021/1/23,,,tracker,,Done
2900,,00150028,地铁,15号线,华泾西,West Huajing,2021/1/23,,2024/9/21,tracker,,Done
2900,,00150028,地铁,15号线,景洪路,Jinghong Road,2024/9/21,,,tracker,,Done
2900,,00150029,地铁,15号线,朱梅路,,2021/1/23,,,tracker,,Done
2900,,00150030,地铁,15号线,罗秀路,,2021/1/23,,,tracker,,Done
2900,,00150031,地铁,15号线,华东理工大学,,2021/1/23,,,tracker,,Done
2900,,00150032,地铁,15号线,上海南站,,2021/1/23,,,tracker,,Done
2900,,00150033,地铁,15号线,桂林公园,,2021/1/23,,,tracker,,Done
2900,,00150034,地铁,15号线,桂林路,,2021/1/23,,,tracker,,Done
2900,,00150035,地铁,15号线,吴中路,,2021/1/23,,,tracker,,Done
2900,,00150036,地铁,15号线,姚虹路,,2021/1/23,,,tracker,,Done
2900,,00150037,地铁,15号线,红宝石路,,2021/1/23,,,tracker,,Done
2900,,00150038,地铁,15号线,娄山关路,,2021/1/23,,,tracker,,Done
2900,,00150039,地铁,15号线,长风公园,,2021/1/23,,,tracker,,Done
2900,,00150040,地铁,15号线,大渡河路,,2021/1/23,,,tracker,,Done
2900,,00150041,地铁,15号线,梅岭北路,,2021/1/23,,,tracker,,Done
2900,,00150042,地铁,15号线,铜川路,,2021/1/23,,,tracker,,Done
2900,,00150043,地铁,15号线,上海西站,,2021/1/23,,,tracker,,Done
2900,,00150044,地铁,15号线,武威东路,,2021/1/23,,,tracker,,Done
2900,,00150045,地铁,15号线,古浪路,,2021/1/23,,,tracker,,Done
2900,,00150046,地铁,15号线,祁安路,,2021/1/23,,,tracker,,Done
2900,,00150047,地铁,15号线,南大路,,2021/1/23,,,tracker,,Done
2900,,00150048,地铁,15号线,丰翔路,,2021/1/23,,,tracker,,Done
2900,,00150049,地铁,15号线,锦秋路,,2021/1/23,,,tracker,,Done
2900,,00150050,地铁,15号线,顾村公园,,2021/1/23,,,tracker,,Done
2900,,0016,地铁,16号线,,,2013/12/29,,,tracker,,Done
2900,,00160021,地铁,16号线,龙阳路,,2014/12/28,,,tracker,,Done
2900,,00160022,地铁,16号线,华夏中路,,2014/12/28,,,tracker,,Done
2900,,00160023,地铁,16号线,罗山路,,2013/12/29,,,tracker,,Done
2900,,00160024,地铁,16号线,周浦东,,2013/12/29,,,tracker,,Done
2900,,00160025,地铁,16号线,鹤沙航城,,2013/12/29,,,tracker,,Done
2900,,00160026,地铁,16号线,航头东,,2013/12/29,,,tracker,,Done
2900,,00160027,地铁,16号线,新场,,2013/12/29,,,tracker,,Done
2900,,00160028,地铁,16号线,野生动物园,,2013/12/29,,,tracker,,Done
2900,,00160029,地铁,16号线,惠南,,2013/12/29,,,tracker,,Done
2900,,00160030,地铁,16号线,惠南东,,2013/12/29,,,tracker,,Done
2900,,00160031,地铁,16号线,书院,,2013/12/29,,,tracker,,Done
2900,,00160032,地铁,16号线,临港大道,,2013/12/29,,,tracker,,Done
2900,,00160033,地铁,16号线,滴水湖,,2013/12/29,,,tracker,,Done
2900,,0017,地铁,17号线,,,2017/12/30,,,tracker,,Done
2900,,00170021,地铁,17号线,虹桥火车站,,2017/12/30,,,tracker,,Done
2900,,00170022,地铁,17号线,诸光路,Zhuguang Road,2017/12/30,,2024/9/21,tracker,,Done
2900,,00170022,地铁,17号线,国家会展中心,National Exhibition and Convention Center,2024/9/21,,,admin,,Done
2900,,00170023,地铁,17号线,蟠龙路,,2017/12/30,,,tracker,,Done
2900,,00170024,地铁,17号线,徐盈路,,2017/12/30,,,tracker,,Done
2900,,00170025,地铁,17号线,徐泾北城,,2017/12/30,,,tracker,,Done
2900,,00170026,地铁,17号线,嘉松中路,,2017/12/30,,,tracker,,Done
2900,,00170027,地铁,17号线,赵巷,,2017/12/30,,,tracker,,Done
2900,,00170028,地铁,17号线,汇金路,,2017/12/30,,,tracker,,Done
2900,,00170029,地铁,17号线,青浦新城,,2017/12/30,,,tracker,,Done
2900,,00170030,地铁,17号线,漕盈路,,2017/12/30,,,tracker,,Done
2900,,00170031,地铁,17号线,淀山湖大道,,2017/12/30,,,tracker,,Done
2900,,00170032,地铁,17号线,朱家角,,2017/12/30,,,tracker,,Done
2900,,00170033,地铁,17号线,东方绿舟,,2017/12/30,,,tracker,,Done
2900,,0018,地铁,18号线,,,2020/12/26,,,tracker,,Done
2900,,00180021,地铁,18号线,航头,,2020/12/26,,,tracker,,Done
2900,,00180022,地铁,18号线,下沙,,2020/12/26,,,tracker,,Done
2900,,00180023,地铁,18号线,鹤涛路,,2020/12/26,,,tracker,,Done
2900,,00180024,地铁,18号线,沈梅路,,2020/12/26,,,tracker,,Done
2900,,00180025,地铁,18号线,繁荣路,,2020/12/26,,,tracker,,Done
2900,,00180026,地铁,18号线,周浦,,2020/12/26,,,tracker,,Done
2900,,00180027,地铁,18号线,康桥,,2020/12/26,,,tracker,,Done
2900,,00180028,地铁,18号线,御桥,,2020/12/26,,,tracker,,Done
2900,,00180029,地铁,18号线,莲溪路,,2021/12/30,,,tracker,,Done
2900,,00180030,地铁,18号线,北中路,,2021/12/30,,,tracker,,Done
2900,,00180031,地铁,18号线,芳芯路,,2021/12/30,,,tracker,,Done
2900,,00180032,地铁,18号线,龙阳路,,2021/12/30,,,tracker,,Done
2900,,00180033,地铁,18号线,迎春路,,2021/12/30,,,tracker,,Done
2900,,00180034,地铁,18号线,杨高中路,,2021/12/30,,,tracker,,Done
2900,,00180035,地铁,18号线,民生路,,2021/12/30,,,tracker,,Done
2900,,00180036,地铁,18号线,昌邑路,,2021/12/30,,,tracker,,Done
2900,,00180037,地铁,18号线,丹阳路,,2021/12/30,,,tracker,,Done
2900,,00180038,地铁,18号线,平凉路,,2021/12/30,,,tracker,,Done
2900,,00180039,地铁,18号线,江浦公园,,2021/12/30,,,tracker,,Done
2900,,00180040,地铁,18号线,江浦路,,2021/12/30,,,tracker,,Done
2900,,00180041,地铁,18号线,抚顺路,,2021/12/30,,,tracker,,Done
2900,,00180042,地铁,18号线,国权路,,2021/12/30,,,tracker,,Done
2900,,00180043,地铁,18号线,复旦大学,,2021/12/30,,,tracker,,Done
2900,,00180044,地铁,18号线,上海财经大学,,2021/12/30,,,tracker,,Done
2900,,00180045,地铁,18号线,殷高路,,2021/12/30,,,tracker,,Done
2900,,00180046,地铁,18号线,长江南路,,2021/12/30,,,tracker,,Done
2900,,0019,地铁,19号线,,,,,,tracker,,Done
2900,,0020,地铁,20号线,,,,,,tracker,,Done
2900,,0021,地铁,21号线,,,,,,tracker,,Done
2900,,0022,铁路,金山铁路,,,2012/9/29,,,tracker,,Done
2900,,00220021,铁路,金山铁路,上海南,,2012/9/29,,,tracker,,Done
2900,,00220022,铁路,金山铁路,莘庄,,,,,tracker,,Done
2900,,00220023,铁路,金山铁路,春申,,2012/9/29,,,tracker,,Done
2900,,00220024,铁路,金山铁路,新桥,,2012/9/29,,,tracker,,Done
2900,,00220025,铁路,金山铁路,车墩,,2012/9/29,,,tracker,,Done
2900,,00220026,铁路,金山铁路,叶榭,,2012/9/29,,,tracker,,Done
2900,,00220027,铁路,金山铁路,亭林,,2012/9/29,,,tracker,,Done
2900,,00220028,铁路,金山铁路,金山园区,,2012/9/29,,,tracker,,Done
2900,,00220029,铁路,金山铁路,金山卫,,2012/9/29,,,tracker,,Done
2900,,0023,地铁,23号线,,,,,,tracker,,Done
2900,,0024,地铁,24号线,,,,,,tracker,,Done
2900,,0025,地铁,25号线,,,,,,tracker,,Done
2900,,0090,磁浮,磁浮线,,,2006/4/27,,,tracker,,Done
2900,,00900001,磁浮,磁浮线,浦东国际机场,,2006/4/27,,2024/9/21,tracker,,Done
2900,,00900001,磁浮,磁浮线,浦东1号2号航站楼,,2024/9/21,,,admin,,Done
2900,,00900002,磁浮,磁浮线,龙阳路,,2006/4/27,,,tracker,,Done
2900,,0101,轮渡,其秦线,秦皇岛路渡口,,,2024/10/9,,tracker_DBS,,None
2900,,0303,轮渡,东金线,金陵东路渡口,,,2024/10/9,,tracker_DBS,,None
2900,,0506,轮渡,泰公线,泰同栈渡口,,,2024/10/9,,tracker_DBS,,None
2900,,0909,轮渡,南陆线,陆家浜路渡口,,,2024/10/9,,tracker_DBS,,None
2900,,1112,轮渡,歇宁线,歇浦路渡口,,,2024/10/9,,tracker_DBS,,None
2900,,1151,公交,国际旅游度假区1,,,,,,tracker,,Done
2900,,1152,公交,国际旅游度假区2,,,,,,tracker,,Done
2900,,1313,轮渡,民丹线,丹东路渡口,,,2024/10/9,,tracker_DBS,,None
2900,,1516,轮渡,塘董线,塘桥渡口,,,2024/10/9,,tracker_DBS,,None
2900,,1655,公交,金山工业区5,,,,,,tracker,,Done
2900,,1657,公交,朱泾7,,,,,,tracker,,Done
2900,,1658,公交,金山工业区5区间,,,,,,tracker,,Done
2900,,1663,公交,1663/张堰3,,,2021/1/23,,,tracker,,Done
2900,,1665,公交,枫泾8,,,,,,tracker,,Done
2900,,1666,公交,枫泾9,,,,,,tracker,,Done
2900,,1668,公交,吕巷5,,,,,,tracker,,Done
2900,,2122,轮渡,东复线,东昌路渡口,,,2024/10/9,,tracker_DBS,,None
2900,,2323,轮渡,杨复线,复兴东路渡口,,,2024/10/9,,tracker_DBS,,None
2900,,260,BRT,,,,,,,tracker,,Done
2900,,2601,BRT,BRT奉浦快线,,,,,,tracker,,Done
2900,,260101,BRT,BRT奉浦快线,南桥汽车站,,,,,tracker,,Done
2900,,260102,BRT,BRT奉浦快线,望园路,,,,,tracker,,Done
2900,,260103,BRT,BRT奉浦快线,金海公路,,,,,tracker,,Done
2900,,260104,BRT,BRT奉浦快线,定康路,,,,,tracker,,Done
2900,,260105,BRT,BRT奉浦快线,贤浦路,,,,,tracker,,Done
2900,,260106,BRT,BRT奉浦快线,秀竹路,,,,,tracker,,Done
2900,,260107,BRT,BRT奉浦快线,清朗路,,,,,tracker,,Done
2900,,260108,BRT,BRT奉浦快线,金大公路,,,,,tracker,,Done
2900,,260109,BRT,BRT奉浦快线,齐贤,,,,,tracker,,Done
2900,,260110,BRT,BRT奉浦快线,南行港路,,,,,tracker,,Done
2900,,260111,BRT,BRT奉浦快线,金汇,,,,,tracker,,Done
2900,,260112,BRT,BRT奉浦快线,鲁南路,,,,,tracker,,Done
2900,,260113,BRT,BRT奉浦快线,闵瑞路,,,,,tracker,,Done
2900,,260114,BRT,BRT奉浦快线,沈杜公路,,,,,tracker,,Done
2900,,2602,BRT,BRT奉浦快线,,,,,,tracker,,Done
2900,,260201,BRT,BRT奉浦快线,沈杜公路,,,,,tracker,,Done
2900,,260202,BRT,BRT奉浦快线,闵瑞路,,,,,tracker,,Done
2900,,260203,BRT,BRT奉浦快线,鲁南路,,,,,tracker,,Done
2900,,260204,BRT,BRT奉浦快线,金汇,,,,,tracker,,Done
2900,,260205,BRT,BRT奉浦快线,南行港路,,,,,tracker,,Done
2900,,260206,BRT,BRT奉浦快线,齐贤,,,,,tracker,,Done
2900,,260207,BRT,BRT奉浦快线,金大公路,,,,,tracker,,Done
2900,,260208,BRT,BRT奉浦快线,清朗路,,,,,tracker,,Done
2900,,260209,BRT,BRT奉浦快线,秀竹路,,,,,tracker,,Done
2900,,260210,BRT,BRT奉浦快线,贤浦路,,,,,tracker,,Done
2900,,260211,BRT,BRT奉浦快线,定康路,,,,,tracker,,Done
2900,,260212,BRT,BRT奉浦快线,金海公路,,,,,tracker,,Done
2900,,260213,BRT,BRT奉浦快线,望园路,,,,,tracker,,Done
2900,,260214,BRT,BRT奉浦快线,南桥汽车站,,,,,tracker,,Done
2900,,261,有轨电车,,,,,,,tracker,,Done
2900,,2611,有轨电车,松江有轨电车1号线,,,2019/8/10,,,tracker,,Done
2900,,261101,有轨电车,松江有轨电车1号线,辰塔路,,,,,tracker,,Done
2900,,261102,有轨电车,松江有轨电车1号线,仓华路,,2019/8/10,,,tracker,,Done
2900,,261103,有轨电车,松江有轨电车1号线,三新北路 (东),,2019/8/10,,,tracker,,Done
2900,,261104,有轨电车,松江有轨电车1号线,三新北路 (西),,2019/8/10,,,tracker,,Done
2900,,261105,有轨电车,松江有轨电车1号线,仓汇路,,2019/8/10,,,tracker,,Done
2900,,261106,有轨电车,松江有轨电车1号线,玉树路,,2019/8/10,,,tracker,,Done
2900,,261107,有轨电车,松江有轨电车1号线,荣乐路西林北路,,2019/8/10,,,tracker,,Done
2900,,261108,有轨电车,松江有轨电车1号线,人民北路,,2019/8/10,,,tracker,,Done
2900,,261109,有轨电车,松江有轨电车1号线,松江体育中心,,2019/8/10,,,tracker,,Done
2900,,261110,有轨电车,松江有轨电车1号线,谷阳北路,,2019/8/10,,,tracker,,Done
2900,,261111,有轨电车,松江有轨电车1号线,荣乐路通波塘,,2019/8/10,,,tracker,,Done
2900,,261112,有轨电车,松江有轨电车1号线,方塔北路,,2019/8/10,,,tracker,,Done
2900,,261113,有轨电车,松江有轨电车1号线,松东路,,2019/8/10,,,tracker,,Done
2900,,261114,有轨电车,松江有轨电车1号线,松卫公路,,2019/8/10,,,tracker,,Done
2900,,261115,有轨电车,松江有轨电车1号线,宝胜路,,2019/8/10,,,tracker,,Done
2900,,261116,有轨电车,松江有轨电车1号线,东兴路,,2019/8/10,,,tracker,,Done
2900,,261117,有轨电车,松江有轨电车1号线,联阳路,,2019/8/10,,,tracker,,Done
2900,,261118,有轨电车,松江有轨电车1号线,锦昔路 (西),,2019/8/10,,,tracker,,Done
2900,,261119,有轨电车,松江有轨电车1号线,锦昔路 (东),,2019/8/10,,,tracker,,Done
2900,,261120,有轨电车,松江有轨电车1号线,曹农路,,2019/8/10,,,tracker,,Done
2900,,261121,有轨电车,松江有轨电车1号线,新庙三路,,2019/8/10,,,tracker,,Done
2900,,261122,有轨电车,松江有轨电车1号线,漕河路,,2019/12/30,,,tracker,,Done
2900,,261123,有轨电车,松江有轨电车1号线,新车公路,,2019/12/30,,,tracker,,Done
2900,,261124,有轨电车,松江有轨电车1号线,新镇街,,2019/12/30,,,tracker,,Done
2900,,261125,有轨电车,松江有轨电车1号线,新站路,,2019/12/30,,,tracker,,Done
2900,,261126,有轨电车,松江有轨电车1号线,新桥火车站,,2019/12/30,,,tracker,,Done
2900,,2612,有轨电车,松江有轨电车2号线,,,2018/12/26,,,tracker,,Done
2900,,261201,有轨电车,松江有轨电车2号线,仓华路,,2018/12/26,,,tracker,,Done
2900,,261202,有轨电车,松江有轨电车2号线,三新北路,,2018/12/26,,,tracker,,Done
2900,,261203,有轨电车,松江有轨电车2号线,思贤路,,2018/12/26,,,tracker,,Done
2900,,261204,有轨电车,松江有轨电车2号线,文诚路,,2018/12/26,,,tracker,,Done
2900,,261205,有轨电车,松江有轨电车2号线,泰晤士小镇西,,2018/12/26,,,tracker,,Done
2900,,261206,有轨电车,松江有轨电车2号线,泰晤士小镇北,,2018/12/26,,,tracker,,Done
2900,,261207,有轨电车,松江有轨电车2号线,龙源路,,2018/12/26,,,tracker,,Done
2900,,261208,有轨电车,松江有轨电车2号线,江学路,,2018/12/26,,,tracker,,Done
2900,,261209,有轨电车,松江有轨电车2号线,新松江路西林北路,,2018/12/26,,,tracker,,Done
2900,,261210,有轨电车,松江有轨电车2号线,人民北路新松江路,,2018/12/26,,,tracker,,Done
2900,,261211,有轨电车,松江有轨电车2号线,文汇路,,2018/12/26,,,tracker,,Done
2900,,261212,有轨电车,松江有轨电车2号线,梅家浜路,,2018/12/26,,,tracker,,Done
2900,,261213,有轨电车,松江有轨电车2号线,广富林路 (东华大学),,2018/12/26,,,tracker,,Done
2900,,261214,有轨电车,松江有轨电车2号线,龙马路,,2018/12/26,,,tracker,,Done
2900,,261215,有轨电车,松江有轨电车2号线,广富林路谷阳北路,,2018/12/26,,,tracker,,Done
2900,,261216,有轨电车,松江有轨电车2号线,光星路,,2018/12/26,,,tracker,,Done
2900,,261217,有轨电车,松江有轨电车2号线,茸宁路,,2018/12/26,,,tracker,,Done
2900,,261218,有轨电车,松江有轨电车2号线,茸惠路,,2018/12/26,,,tracker,,Done
2900,,261219,有轨电车,松江有轨电车2号线,中辰路,,2018/12/26,,,tracker,,Done
2900,,261220,有轨电车,松江有轨电车2号线,徐塘路,,2019/8/10,,,tracker,,Done
2900,,261221,有轨电车,松江有轨电车2号线,明南路,,2019/8/10,,,tracker,,Done
2900,,261222,有轨电车,松江有轨电车2号线,江田东路,,2019/8/10,,,tracker,,Done
2900,,261223,有轨电车,松江有轨电车2号线,松江大学城,,2018/12/26,,,tracker,,Done
2900,,261224,有轨电车,松江有轨电车2号线,锦昔路,,2019/8/10,,,tracker,,Done
2900,,3004,公交,陆家嘴金融城1,,,,,,tracker,,Done
2900,,3005,公交,申川专线,,,,,,tracker,,Done
2900,,3006,公交,上川专线,,,,,,tracker,,Done
2900,,3008,公交,浦东15,,,,,,tracker,,Done
2900,,3010,公交,徐川专线,,,,,,tracker,,Done
2900,,3013,公交,浦东13,,,,,,tracker,,Done
2900,,3014,公交,浦东17,,,,,,tracker,,Done
2900,,3015,公交,高川专线,,,,,,tracker,,Done
2900,,3016,公交,机场一线,,,,,,tracker,,Done
2900,,3017,公交,机场二线,,,,,,tracker,,Done
2900,,3018,公交,奉贤2,,,,,,tracker,,Done
2900,,3021,公交,南闵专线,,,,,,tracker,,Done
2900,,3024,公交,青浦2,,,,,,tracker,,Done
2900,,3025,公交,青浦3,,,,,,tracker,,Done
2900,,3026,公交,青浦4,,,,,,tracker,,Done
2900,,3032,公交,机场五线,,,,,,tracker,,Done
2900,,3047,公交,浦东28,,,,,,tracker,,Done
2900,,3056,公交,航大专线,,,,,,tracker,,Done
2900,,3057,公交,新芦专线,,,,,,tracker,,Done
2900,,3065,公交,龙大专线,,,,,,tracker,,Done
2900,,3066,公交,沪南线,,,,,,tracker,,Done
2900,,3069,公交,浦东9,,,,,,tracker,,Done
2900,,3077,公交,周南线,,,,,,tracker,,Done
2900,,3083,公交,南新专线,,,,,,tracker,,Done
2900,,3085,公交,惠芦专线,,,,,,tracker,,Done
2900,,3086,公交,芦杜专线,,,,,,tracker,,Done
2900,,3090,公交,机场七线,,,,,,tracker,,Done
2900,,3095,公交,徐闵线,,,,,,tracker,,Done
2900,,3101,公交,闵行20,,,,,,tracker,,Done
2900,,3106,公交,闵行12,,,,,,tracker,,Done
2900,,3108,公交,奉贤19,,,,,,tracker,,Done
2900,,3111,公交,石梅线,,,,,,tracker,,Done
2900,,3112,公交,南梅线,,,,,,tracker,,Done
2900,,3114,公交,虹桥枢纽7,,,,,,tracker,,Done
2900,,3118,公交,莘南专线,,,,,,tracker,,Done
2900,,3121,公交,奉贤3,,,,,,tracker,,Done
2900,,3123,公交,邵鹤线,,,,,,tracker,,Done
2900,,3127,公交,江五线,,,,,,tracker,,Done
2900,,3131,公交,松卫线,,,,,,tracker,,Done
2900,,3141,公交,青纪线,,,,,,tracker,,Done
2900,,3142,公交,青安线,,,,,,tracker,,Done
2900,,3144,公交,青浦28,,,,,,tracker,,Done
2900,,3145,公交,青商线,,,,,,tracker,,Done
2900,,3147,公交,青枫专线,,,,,,tracker,,Done
2900,,3149,公交,青金线,,,,,,tracker,,Done
2900,,3153,公交,松青线,,,,,,tracker,,Done
2900,,3154,公交,石车专线,,,,,,tracker,,Done
2900,,3167,公交,浦东19,,,,,,tracker,,Done
2900,,3171,公交,浦东12,,,,,,tracker,,Done
2900,,3181,公交,松江1,,,,,,tracker,,Done
2900,,3183,公交,松江3,,,,,,tracker,,Done
2900,,3184,公交,松江4,,,,,,tracker,,Done
2900,,3204,公交,松梅专线,,,,,,tracker,,Done
2900,,3205,公交,松江5,,,,,,tracker,,Done
2900,,3206,公交,松江6,,,,,,tracker,,Done
2900,,3207,公交,松江7,,,,,,tracker,,Done
2900,,3209,公交,松江9,,,,,,tracker,,Done
2900,,3217,公交,宝山14,,,,2024/10/9,,tracker_大象,,Done
2900,,3221,公交,宝山21,,,,,,tracker,,Done
2900,,3224,公交,浦卫线,,,,,,tracker,,Done
2900,,3229,公交,松江28,,,,,,tracker,,Done
2900,,3235,公交,松卫专线,,,,,,tracker,,Done
2900,,3236,公交,石南专线,,,,,,tracker,,Done
2900,,3238,公交,莘金专线,,,,,,tracker,,Done
2900,,3239,公交,沪松专线,,,,,,tracker,,Done
2900,,3244,公交,嘉松线,,,,,,tracker,,Done
2900,,3247,公交,南松专线,,,,,,tracker,,Done
2900,,3252,公交,松江31,,,,,,tracker,,Done
2900,,3259,公交,沪松线,,,,,,tracker,,Done
2900,,3260,公交,松江67,,,,2024/10/9,,tracker_机智轩,,Done
2900,,3268,公交,新川专线,,,,,,tracker,,Done
2900,,3272,公交,龙港快线,,,,,,tracker,,Done
2900,,3272,公交,龙港快线,,,,2024/10/9,2020/8/29,tracker_机智轩,,Done
2900,,3272,公交,新临专线,,,2020/8/29,2024/10/9,,tracker_机智轩,,Done
2900,,3275,公交,松江11,,,,,,tracker,,Done
2900,,3285,公交,上青线,,,,,,tracker,,Done
2900,,3287,公交,龙东专线,,,,,,tracker,,Done
2900,,3288,公交,惠临专线,,,,,,tracker,,Done
2900,,3289,公交,浦东57,,,,,,tracker,,Done
2900,,3298,公交,江川1,,,,,,tracker,,Done
2900,,3300,公交,枫梅线,,,,,,tracker,,Done
2900,,3303,公交,机场八线,,,,2024/10/9,,tracker_机智轩,,Done
2900,,3304,公交,洋山专线,,,,,,tracker,,Done
2900,,3313,公交,古美环线,,,,,,tracker,,Done
2900,,3319,公交,惠南3,,,,,,tracker,,Done
2900,,3324,公交,松江13,,,,,,tracker,,Done
2900,,3326,公交,松江15,,,,,,tracker,,Done
2900,,3327,公交,松江16,,,,,,tracker,,Done
2900,,3328,公交,松江17,,,,,,tracker,,Done
2900,,3333,公交,浦江2,,,,,,tracker,,Done
2900,,3334,公交,南堡专线,,,,,,tracker,,Done
2900,,3339,公交,浦东74,,,,,,tracker,,Done
2900,,3341,公交,航奉专线,,,,,,tracker,,Done
2900,,3342,公交,朱家角1,,,,,,tracker,,Done
2900,,3346,公交,徐泾1,,,,,,tracker,,Done
2900,,3347,公交,徐泾2,,,,,,tracker,,Done
2900,,3350,公交,张堰1,,,,,,tracker,,Done
2900,,3352,公交,金山卫1,,,,,,tracker,,Done
2900,,3354,公交,松莘线,,,,,,tracker,,Done
2900,,3363,公交,堡进线,,,,,,tracker,,Done
2900,,3365,公交,堡四线,,,,,,tracker,,Done
2900,,3368,公交,堡红线,,,,,,tracker,,Done
2900,,3370,公交,堡胜专线,,,,2024/10/9,,tracker_大象,,Done
2900,,3372,公交,崇明乡村10,,,,,,tracker,,Done
2900,,3377,公交,南东专线,,,,2024/10/9,,tracker_大象,,Done
2900,,3380,公交,南同专线,,,,,,tracker,,Done
2900,,3381,公交,南江专线,,,,,,tracker,,Done
2900,,3384,公交,南牛线,,,,2024/10/9,,tracker_大象,,Done
2900,,3389,公交,城桥1,,,,2024/10/9,,tracker_大象,,Done
2900,,3394,公交,石化一线,,,,,,tracker,,Done
2900,,3395,公交,金山2,,,,,,tracker,,Done
2900,,3397,公交,金山4,,,,,,tracker,,Done
2900,,3402,公交,金山9,,,,,,tracker,,Done
2900,,3405,公交,奉卫线,,,,,,tracker,,Done
2900,,3408,公交,石胡专线,,,,,,tracker,,Done
2900,,3413,公交,朱卫专线,,,,,,tracker,,Done
2900,,3416,公交,金枫线,,,,,,tracker,,Done
2900,,3417,公交,南金线,,,,,,tracker,,Done
2900,,3418,公交,松新枫线,,,,,,tracker,,Done
2900,,3421,公交,青枫专线,,,,,,tracker,,Done
2900,,3424,公交,外高桥4,,,,,,tracker,,Done
2900,,3428,公交,青车专线,,,,,,tracker,,Done
2900,,3429,公交,南松专线,,,,,,tracker,,Done
2900,,3430,公交,奉贤9,,,,,,tracker,,Done
2900,,3432,公交,奉贤25,,,,,,tracker,,Done
2900,,3433,公交,奉宝线,,,,,,tracker,,Done
2900,,3440,公交,奉卫线,,,,,,tracker,,Done
2900,,3442,公交,奉贤42,,,,,,tracker,,Done
2900,,3452,公交,沪朱专线,,,,,,tracker,,Done
2900,,3453,公交,沪青高速专线,,,,,,tracker,,Done
2900,,3454,公交,青浦5,,,,,,tracker,,Done
2900,,3455,公交,青浦6/7,,,,,,tracker,,Done
2900,,3456,公交,青浦公交,,,,,,tracker,,Done
2900,,3457,公交,青浦9,,,,,,tracker,,Done
2900,,3458,公交,青浦10,,,,,,tracker,,Done
2900,,3460,公交,青泸线,,,,,,tracker,,Done
2900,,3461,公交,沪朱高速快线,,,,,,tracker,,Done
2900,,3462,公交,沪青盈专线,,,,,,tracker,,Done
2900,,3464,公交,青浦1,,,,,,tracker,,Done
2900,,3465,公交,青浦8,,,,,,tracker,,Done
2900,,3467,公交,青凤徐专线,,,,,,tracker,,Done
2900,,3468,公交,青华专线,,,,,,tracker,,Done
2900,,3471,公交,青小线,,,,,,tracker,,Done
2900,,3473,公交,青蒸线,,,,,,tracker,,Done
2900,,3479,公交,朱泾3,,,,,,tracker,,Done
2900,,3481,公交,枫泾1,,,,,,tracker,,Done
2900,,3482,公交,枫泾2,,,,,,tracker,,Done
2900,,3483,公交,吕巷1,,,,,,tracker,,Done
2900,,3490,公交,横沙2,,,,,,tracker,,Done
2900,,3495,公交,江平专线,,,,,,tracker,,Done
2900,,3496,公交,莲朱专线,,,,,,tracker,,Done
2900,,3497,公交,莲金专线,,,,,,tracker,,Done
2900,,3499,公交,莲石专线,,,,,,tracker,,Done
2900,,3500,公交,莲卫专线,,,,,,tracker,,Done
2900,,3502,公交,朱石专线,,,,,,tracker,,Done
2900,,3503,公交,莲枫专线,,,,,,tracker,,Done
2900,,3504,公交,朱泾1,,,,,,tracker,,Done
2900,,3505,公交,朱泾2,,,,,,tracker,,Done
2900,,3506,公交,枫泾5,,,,,,tracker,,Done
2900,,3507,公交,枫泾4,,,,,,tracker,,Done
2900,,3508,公交,枫泾3,,,,,,tracker,,Done
2900,,3518,公交,嘉定104,,,,,,tracker,,Done
2900,,3525,公交,嘉松线,,,,,,tracker,,Done
2900,,3527,公交,上嘉线,,,,,,tracker,,Done
2900,,3537,公交,嘉定66,,,,,,tracker,,Done
2900,,3542,公交,堡七线,,,,,,tracker,,Done
2900,,3543,公交,莲廊专线,,,,,,tracker,,Done
2900,,3548,公交,南申专线,,,,,,tracker,,Done
2900,,3559,公交,松江91,,,,2024/10/9,,tracker_机智轩,,Done
2900,,3572,公交,闵行33,,,,,,tracker,,Done
2900,,3578,公交,上石线,,,,,,tracker,,Done
2900,,3579,公交,闵行31,,,,,,tracker,,Done
2900,,3589,公交,松江20,,,,,,tracker,,Done
2900,,3590,公交,松江21,,,,,,tracker,,Done
2900,,3591,公交,松江22,,,,,,tracker,,Done
2900,,3596,公交,奉贤6,,,,,,tracker,,Done
2900,,3601,公交,泥城4,,,,2024/10/9,,tracker_机智轩,,Done
2900,,3603,公交,华新1,,,,,,tracker,,Done
2900,,3608,公交,白鹤2,,,,,,tracker,,Done
2900,,3609,公交,闵行50,,,,,,tracker,,Done
2900,,3612,公交,闵行5,,,,,,tracker,,Done
2900,,3620,公交,浦江3,,,,,,tracker,,Done
2900,,3621,公交,浦江4,,,,,,tracker,,Done
2900,,3623,公交,浦江6,,,,,,tracker,,Done
2900,,3626,公交,松江45,,,,,,tracker,,Done
2900,,3628,公交,松江70,,,,2024/10/9,,tracker_机智轩,,Done
2900,,3638,公交,朱家角2,,,,,,tracker,,Done
2900,,3649,公交,白鹤4,,,,,,tracker,,Done
2900,,3650,公交,张堰2,,,,,,tracker,,Done
2900,,3657,公交,浦东50,,,,,,tracker,,Done
2900,,3671,公交,闵行28,,,,,,tracker,,Done
2900,,3682,公交,松江19,,,,,,tracker,,Done
2900,,3683,公交,松江92,,,,,,tracker,,Done
2900,,3692,公交,万祥2,,,,,,tracker,,Done
2900,,3698,公交,芦潮港1,,,,,,tracker,,Done
2900,,3701,公交,大桥六线,,,,,,tracker,,Done
2900,,3705,公交,申崇二线,,,,,,tracker,,Done
2900,,3706,公交,申崇一线,,,,,,tracker,,Done
2900,,3719,公交,隧道九线,,,,,,tracker,,Done
2900,,3724,公交,嘉定13,,,,,,tracker,,Done
2900,,3727,公交,金山卫2,,,,,,tracker,,Done
2900,,3729,公交,闵行4,,,,,,tracker,,Done
2900,,3731,公交,松江24,,,,,,tracker,,Done
2900,,3736,公交,花木2,,,,,,tracker,,Done
2900,,3745,公交,申崇三线,,,,,,tracker,,Done
2900,,3746,公交,浦江10,,,,,,tracker,,Done
2900,,3747,公交,隧道八线,,,,,,tracker,,Done
2900,,3749,公交,隧道六线,,,,,,tracker,,Done
2900,,3750,公交,陈凤线,,,,,,tracker,,Done
2900,,3752,公交,青浦11,,,,,,tracker,,Done
2900,,3755,公交,虹桥枢纽9,,,,,,tracker,,Done
2900,,3763,公交,申港1,,,,,,tracker,,Done
2900,,3773,公交,泥城5,,,,,,tracker,,Done
2900,,3799,公交,申崇六线,,,,,,tracker,,Done
2900,,3805,公交,隧道三线,,,,,,tracker,,Done
2900,,3807,公交,南园1,,,,,,tracker,,Done
2900,,3811,公交,闵行11,,,,,,tracker,,Done
2900,,3812,公交,申崇四线,,,,,,tracker,,Done
2900,,3813,公交,崇明乡村9,,,,,,tracker,,Done
2900,,3819,公交,白徐线,,,,,,tracker,,Done
2900,,3823,公交,虹桥枢纽8,,,,,,tracker,,Done
2900,,3826,公交,新泾1,,,,2024/10/9,,tracker_大象,,Done
2900,,3827,公交,虹桥枢纽10,,,,,,tracker,,Done
2900,,3828,公交,虹桥枢纽5,,,,,,tracker,,Done
2900,,3829,公交,虹桥枢纽6,,,,,,tracker,,Done
2900,,3830,公交,大桥五线,,,,,,tracker,,Done
2900,,3833,公交,松江26,,,,,,tracker,,Done
2900,,3835,公交,四团1,,,,,,tracker,,Done
2900,,3836,公交,南川线,,,,,,tracker,,Done
2900,,3840,公交,莲浜专线,,,,2024/10/9,,tracker_机智轩,,Done
2900,,3848,公交,闵行23,,,,,,tracker,,Done
2900,,3850,公交,虹桥枢纽1,,,,,,tracker,,Done
2900,,3855,公交,申崇三线区间,,,,,,tracker,,Done
2900,,3867,公交,奉贤18,,,,,,tracker,,Done
2900,,3873,公交,周康9,,,,,,tracker,,Done
2900,,3883,公交,华漕5,,,,,,tracker,,Done
2900,,3886,公交,松江53,,,,2024/10/9,,tracker_机智轩,,Done
2900,,3893,公交,莘庄3,,,,,,tracker,,Done
2900,,3895,公交,申港3,,,,,,tracker,,Done
2900,,3896,公交,浦东10,,,,,,tracker,,Done
2900,,3898,公交,浦东101,,,,,,tracker,,Done
2900,,3901,公交,金山工业区1,,,,,,tracker,,Done
2900,,3902,公交,金山工业区2,,,,,,tracker,,Done
2900,,3903,公交,枫泾7,,,,,,tracker,,Done
2900,,3916,公交,虹桥镇2,,,,,,tracker,,Done
2900,,3917,公交,陆家嘴金融城1,,,,,,tracker,,Done
2900,,3924,公交,虹练定班线,,,,,,tracker,,Done
2900,,3927,公交,金山8,,,,,,tracker,,Done
2900,,3934,公交,松江36,,,,,,tracker,,Done
2900,,3937,公交,浦江11,,,,2024/10/9,,tracker_大象,,Done
2900,,3938,公交,闵行18,,,,,,tracker,,Done
2900,,3949,公交,浦东23,,,,,,tracker,,Done
2900,,3950,公交,浦东24,,,,,,tracker,,Done
2900,,3951,公交,青浦13,,,,,,tracker,,Done
2900,,3952,公交,奉贤21,,,,,,tracker,,Done
2900,,3975,公交,枫戚快线,,,,,,tracker,,Done
2900,,3977,公交,惠南6,,,,,,tracker,,Done
2900,,3985,公交,莘南高速线,,,,,,tracker,,Done
2900,,3992,公交,江川7,,,,,,tracker,,Done
2900,,3995,公交,浦东27,,,,,,tracker,,Done
2900,,3996,公交,松江93,,,,2024/10/9,,tracker_机智轩,,Done
2900,,4004,公交,松江66,,,,,,tracker,,Done
2900,,4008,公交,练塘6,,,,2024/10/9,,tracker_机智轩,,Done
2900,,4010,公交,白鹤6,,,,,,tracker,,Done
2900,,4012,公交,浦东33,,,,,,tracker,,Done
2900,,4015,公交,浦东4,,,,,,tracker,,Done
2900,,4016,公交,奉贤15,,,,,,tracker,,Done
2900,,4018,公交,青浦15,,,,,,tracker,,Done
2900,,4021,公交,浦江19,,,,,,tracker,,Done
2900,,4022,公交,浦江20,,,,,,tracker,,Done
2900,,4024,公交,青浦14,,,,,,tracker,,Done
2900,,4030,公交,横长线,,,,,,tracker,,Done
2900,,4031,公交,大泥专线,,,,,,tracker,,Done
2900,,4037,公交,海沈线,,,,,,tracker,,Done
2900,,4043,公交,虹桥商务区1,,,,,,tracker,,Done
2900,,4044,公交,航头4,,,,,,tracker,,Done
2900,,4051,公交,宝山29,,,,,,tracker,,Done
2900,,4056,公交,航头5,,,,,,tracker,,Done
2900,,4057,公交,闵行21,,,,,,tracker,,Done
2900,,4059,公交,徐泾5,,,,,,admin,,Done
2900,,4061,公交,机场九线,,,,,,tracker,,Done
2900,,4067,公交,华新5,,,,,,tracker,,Done
2900,,4069,公交,华新3,,,,,,tracker,,Done
2900,,4074,公交,临港4,,,,,,tracker,,Done
2900,,4078,公交,青浦16,,,,,,tracker,,Done
2900,,4086,公交,浦江13,,,,,,tracker,,Done
2900,,4087,公交,浦东43,,,,,,tracker,,Done
2900,,4091,公交,闵行39,,,,,,tracker,,Done
2900,,4098,公交,嘉定126,,,,,,tracker,,Done
2900,,4100,公交,浦东40,,,,,,tracker,,Done
2900,,4101,公交,浦东45,,,,,,tracker,,Done
2900,,4105,公交,青浦26,,,,,,tracker,,Done
2900,,4106,公交,朱家角9,,,,,,tracker,,Done
2900,,4107,公交,华新7,,,,2024/10/9,,tracker_机智轩,,Done
2900,,4109,公交,青浦17,,,,,,tracker,,Done
2900,,4110,公交,青浦25,,,,,,tracker,,Done
2900,,4111,公交,青浦18,,,,,,tracker,,Done
2900,,4114,公交,闵行24,,,,,,tracker,,Done
2900,,4115,公交,闵行42,,,,,,tracker,,Done
2900,,4116,公交,浦东34,,,,,,tracker,,Done
2900,,4118,公交,青浦19,,,,,,tracker,,Done
2900,,4131,公交,青浦16/21,,,,,,tracker,,Done
2900,,4133,公交,金山10,,,,,,tracker,,Done
2900,,4134,公交,虹桥商务区2,,,,,,tracker,,Done
2900,,4139,公交,南团快线,,,,,,tracker,,Done
2900,,4143,公交,浦东55,,,,,,tracker,,Done
2900,,4144,公交,浦东56,,,,,,tracker,,Done
2900,,4146,公交,奉贤17,,,,,,tracker,,Done
2900,,4148,公交,奉贤9,,,,,,tracker,,Done
2900,,4150,公交,奉贤20,,,,,,tracker,,Done
2900,,4152,公交,奉贤37,,,,,,tracker,,Done
2900,,4153,公交,崇明东滩3,,,,,,tracker,,Done
2900,,4156,公交,华新8,,,,,,tracker,,Done
2900,,4157,公交,青浦23,,,,,,tracker,,Done
2900,,4158,公交,青浦24,,,,,,tracker,,Done
2900,,4161,公交,松江69,,,,,,tracker,,Done
2900,,4163,公交,浦东59,,,,,,tracker,,Done
2900,,4166,公交,金山11,,,,,,tracker,,Done
2900,,4169,公交,临港13,,,,2024/10/9,,tracker_机智轩,,Done
2900,,4173,公交,浦东72,,,,,,tracker,,Done
2900,,4174,公交,浦东62,,,,,,tracker,,Done
2900,,4175,公交,浦东62,,,,,,tracker,,Done
2900,,4176,公交,浦东69,,,,,,tracker,,Done
2900,,4179,公交,示范区1,,,,,,tracker,,Done
2900,,4181,公交,金山205,,,,,,tracker,,Done
2900,,4191,公交,松江98,,,,,,tracker,,Done
2900,,4192,公交,青浦27,,,,,,tracker,,Done
2900,,4193,公交,浦东5,,,,,,tracker,,Done
2900,,4196,公交,浦东91,,,,,,tracker,,Done
2900,,4200,公交,莲张专线,,,,,,tracker,,Done
2900,,4202,公交,浦东80,,,,,,tracker,,Done
2900,,4203,公交,南车线,,,,,,tracker,,Done
2900,,4204,公交,闵行55,,,,,,tracker,,Done
2900,,4206,公交,闵行58,,,,,,tracker,,Done
2900,,4212,公交,南门花博专线,,,,,,tracker,,Done
2900,,4222,公交,浦东87,,,,,,tracker,,Done
2900,,4223,公交,浦东98,,,,,,tracker,,Done
2900,,4224,公交,浦东99,,,,,,tracker,,Done
2900,,4225,公交,临港中运量1号线,,,2021/6/30,,,tracker,,Done
2900,,4227,公交,嘉定131,,,,,,tracker,,Done
2900,,4228,公交,浦东89,,,,,,tracker,,Done
2900,,4232,公交,临港7,,,,,,tracker,,Done
2900,,4233,公交,南临专线,,,,,,tracker,,Done
2900,,4235,公交,亭梅线,,,,,,tracker,,Done
2900,,4236,公交,亭林5,,,,,,tracker,,Done
2900,,4237,公交,浦东101,,,,,,tracker,,Done
2900,,4238,公交,闵行32,,,,,,tracker,,Done
2900,,4239,公交,浦东49,,,,,,tracker,,Done
2900,,4240,公交,示范区8,,,,,,tracker,,Done
2900,,4241,公交,临港5,,,,,,admin,,Done
2900,,4242,公交,青浦29,,,,,,tracker,,Done
2900,,4246,公交,浦东102,,,,,,tracker,,Done
2900,,4247,公交,浦东104,,,,,,tracker,,Done
2900,,4247,公交,南龙专线,,,,2024/10/9,,tracker_大象,,Done
2900,,4250,公交,临港中运量2号线,,,2022/10/28,,,admin,,Done
2900,,4275,公交,宝山35,,,,2024/10/9,,tracker_大象,,Done
